{"nm":"Home","ddd":0,"h":1000,"w":1000,"meta":{"g":"@lottiefiles/toolkit-js 0.33.2"},"layers":[{"ty":4,"nm":"Home Outlines","sr":1,"st":0,"op":153,"ip":0,"hd":false,"ddd":0,"bm":0,"hasMask":false,"ao":0,"ks":{"a":{"a":0,"k":[54.5,48,0],"ix":1},"s":{"a":0,"k":[100,100,100],"ix":6},"sk":{"a":0,"k":0},"p":{"a":0,"k":[63.989,63.896,0],"ix":2},"r":{"a":0,"k":0,"ix":10},"sa":{"a":0,"k":0},"o":{"a":0,"k":100,"ix":11}},"ef":[],"shapes":[{"ty":"gr","bm":0,"hd":false,"mn":"ADBE Vector Group","nm":"Group 1","ix":1,"cix":2,"np":2,"it":[{"ty":"sh","bm":0,"hd":false,"mn":"ADBE Vector Shape - Group","nm":"Path 1","ix":1,"d":1,"ks":{"a":0,"k":{"c":true,"i":[[0,0],[-7.404,6.262],[0,0],[0,0],[0,0],[0,0]],"o":[[0,0],[0,0],[0,0],[8.574,6.187],[0,0],[0,0]],"v":[[-54.176,21.122],[-43.376,21.122],[0.885,-16.325],[42.389,20.887],[54.176,20.887],[0.885,-27.383]]},"ix":2}},{"ty":"fl","bm":0,"hd":false,"mn":"ADBE Vector Graphic - Fill","nm":"Fill 1","c":{"a":0,"k":[0.302,0.549,0.5529],"ix":4},"r":1,"o":{"a":0,"k":100,"ix":5}},{"ty":"tr","a":{"a":0,"k":[0,-19],"ix":1},"s":{"a":0,"k":[100,100],"ix":3},"sk":{"a":0,"k":0,"ix":4},"p":{"a":1,"k":[{"o":{"x":0.333,"y":0},"i":{"x":0.667,"y":1},"s":[54.511,8.488],"t":10,"ti":[0,1.667],"to":[0,-1.667]},{"o":{"x":0.167,"y":0.167},"i":{"x":0.833,"y":0.833},"s":[54.511,-1.512],"t":15,"ti":[0,0],"to":[0,0]},{"o":{"x":0.333,"y":0},"i":{"x":0.667,"y":1},"s":[54.511,-1.512],"t":20,"ti":[0,-1.667],"to":[0,0.917]},{"o":{"x":0.333,"y":0},"i":{"x":0.667,"y":1},"s":[54.511,3.988],"t":25,"ti":[0,-0.75],"to":[0,1.667]},{"s":[54.511,8.488],"t":30}],"ix":2},"r":{"a":1,"k":[{"o":{"x":0.167,"y":0.167},"i":{"x":0.833,"y":0.833},"s":[0],"t":15},{"o":{"x":0.167,"y":0.167},"i":{"x":0.833,"y":0.833},"s":[5],"t":20},{"o":{"x":0.167,"y":0.167},"i":{"x":0.833,"y":0.833},"s":[-5],"t":25},{"s":[0],"t":30}],"ix":6},"sa":{"a":0,"k":0,"ix":5},"o":{"a":0,"k":100,"ix":7}}]},{"ty":"gr","bm":0,"hd":false,"mn":"ADBE Vector Group","nm":"Group 2","ix":2,"cix":2,"np":2,"it":[{"ty":"sh","bm":0,"hd":false,"mn":"ADBE Vector Shape - Group","nm":"Path 1","ix":1,"d":1,"ks":{"a":1,"k":[{"o":{"x":0.333,"y":0},"i":{"x":0.833,"y":1},"s":[{"c":true,"i":[[0,0],[-2.37,0],[0,0],[0,0],[-3.581,0],[0,0],[0,0],[0,0],[0,0],[0,0],[0,0],[0,0],[0,0],[0,0],[0,0],[0,0],[0,0],[0,0]],"o":[[0,0],[2.938,0],[0,0],[0,0],[0,0],[4.233,0],[0,0],[0,0],[0,0],[3.009,0],[0,0],[0,0],[0,0],[0,0],[0,0],[0,0],[0,0],[0,0]],"v":[[-38.863,36.583],[-36.587,39.003],[-9.278,38.967],[-9.239,16.59],[-6.043,12.902],[5.289,12.902],[9.262,16.59],[9.22,38.904],[9.592,38.904],[35.948,38.904],[38.816,35.885],[38.816,-5.006],[38.816,-5.215],[38.816,-5.375],[1.138,-38.898],[-38.863,-5.375],[-38.863,-5.218],[-38.863,-5.066]]}],"t":0},{"o":{"x":0.167,"y":0},"i":{"x":0.667,"y":1},"s":[{"c":true,"i":[[0,0],[-2.37,0],[0,0],[0,0],[-3.581,0],[0,0],[0,0],[0,0],[0,0],[0,0],[0,0],[6.841,12.587],[0.356,0.496],[0,0],[0,0],[0,0],[1.402,-2.36],[0.298,-0.597]],"o":[[0,0],[2.938,0],[0,0],[0,0],[0,0],[4.233,0],[0,0],[0,0],[0,0],[3.009,0],[0,0],[-0.298,-0.549],[-0.767,-1.07],[0,0],[0,0],[0,0],[-0.345,0.58],[-8.162,16.388]],"v":[[-38.863,36.583],[-36.587,39.003],[-9.278,38.967],[-9.239,16.59],[-6.043,12.902],[5.289,12.902],[9.262,16.59],[9.22,38.904],[9.592,38.904],[35.948,38.904],[38.816,35.885],[39.797,-2.303],[38.816,-3.872],[38.816,-5.375],[1.265,-28.398],[-38.863,-5.375],[-38.863,-3.872],[-39.826,-2.105]]}],"t":5},{"o":{"x":0.333,"y":0},"i":{"x":0.667,"y":1},"s":[{"c":true,"i":[[0,0],[-1.856,-1.474],[0,0],[0,0],[-3.581,0],[0,0],[0,0],[0,0],[-1.252,-0.696],[0,0],[0,0],[0,0],[0,0],[0,0],[0,0],[0,0],[0,0],[0,0]],"o":[[0,0],[10.547,8.375],[0,0],[0,0],[0,0],[4.233,0],[0,0],[0,0],[15.25,8.474],[3.012,-1.401],[0,0],[0,0],[0,0],[0,0],[0,0],[0,0],[0,0],[0,0]],"v":[[-38.863,36.583],[-36.587,39.003],[-9.278,38.967],[-9.239,16.59],[-6.043,12.902],[5.289,12.902],[9.262,16.59],[9.22,38.904],[10.085,38.904],[35.948,38.904],[38.816,35.885],[38.816,-5.006],[38.816,-5.215],[38.816,-5.375],[1.138,-38.898],[-38.863,-5.375],[-38.863,-5.218],[-38.863,-5.066]]}],"t":10},{"o":{"x":0.333,"y":0},"i":{"x":0.667,"y":1},"s":[{"c":true,"i":[[0,0],[-2.232,0.797],[0,0],[0,0],[-3.581,0],[0,0],[0,0],[0,0],[-1.382,0.376],[0,0],[0,0],[6.394,9.875],[0,0],[0,0],[0,0],[0,0],[0,0],[1.25,-1.872]],"o":[[0,0],[11.547,-4.125],[0,0],[0,0],[0,0],[4.233,0],[0,0],[0,0],[15.25,-4.151],[3.012,-1.401],[0,0],[-1.157,-1.787],[0,0],[0,0],[0,0],[0,0],[0,0],[-8.427,12.625]],"v":[[-38.863,36.583],[-36.587,39.003],[-9.278,38.967],[-9.239,16.59],[-6.043,12.902],[5.289,12.902],[9.262,16.59],[9.22,38.904],[10.085,38.904],[35.948,38.904],[38.816,35.885],[38.941,-4.372],[38.816,-5.215],[38.816,-5.375],[1.138,-38.898],[-38.863,-5.375],[-38.863,-5.218],[-38.863,-4.622]]}],"t":15},{"s":[{"c":true,"i":[[0,0],[-2.37,0],[0,0],[0,0],[-3.581,0],[0,0],[0,0],[0,0],[0,0],[0,0],[0,0],[0,0],[0,0],[0,0],[0,0],[0,0],[0,0],[0,0]],"o":[[0,0],[2.938,0],[0,0],[0,0],[0,0],[4.233,0],[0,0],[0,0],[0,0],[3.009,0],[0,0],[0,0],[0,0],[0,0],[0,0],[0,0],[0,0],[0,0]],"v":[[-38.863,36.583],[-36.587,39.003],[-9.278,38.967],[-9.239,16.59],[-6.043,12.902],[5.289,12.902],[9.262,16.59],[9.22,38.904],[9.592,38.904],[35.948,38.904],[38.816,35.885],[38.816,-5.006],[38.816,-5.215],[38.816,-5.375],[1.138,-38.898],[-38.863,-5.375],[-38.863,-5.218],[-38.863,-5.066]]}],"t":20}],"ix":2}},{"ty":"fl","bm":0,"hd":false,"mn":"ADBE Vector Graphic - Fill","nm":"Fill 1","c":{"a":0,"k":[0.302,0.549,0.5529],"ix":4},"r":1,"o":{"a":0,"k":100,"ix":5}},{"ty":"tr","a":{"a":0,"k":[0,-36],"ix":1},"s":{"a":0,"k":[100,100],"ix":3},"sk":{"a":0,"k":0,"ix":4},"p":{"a":1,"k":[{"o":{"x":0.167,"y":0.167},"i":{"x":0.833,"y":0.833},"s":[54.427,21.102],"t":0,"ti":[0,0],"to":[0,0]},{"o":{"x":0.333,"y":0},"i":{"x":0.667,"y":1},"s":[54.427,21.102],"t":5,"ti":[0,0],"to":[0,-1]},{"o":{"x":0.333,"y":0},"i":{"x":0.667,"y":1},"s":[54.427,15.102],"t":10,"ti":[0,-1],"to":[0,0]},{"s":[54.427,21.102],"t":15}],"ix":2},"r":{"a":0,"k":0,"ix":6},"sa":{"a":0,"k":0,"ix":5},"o":{"a":0,"k":100,"ix":7}}]}],"ind":1}],"v":"5.5.1","fr":30,"op":31,"ip":0,"assets":[]}