{"v":"5.9.0","fr":60,"ip":0,"op":200,"w":1713,"h":1970,"nm":"faq","ddd":0,"assets":[{"id":"comp_0","nm":"Pre-comp 2","fr":60,"layers":[{"ddd":0,"ind":1,"ty":4,"nm":"Shape Layer 6","parent":2,"sr":1,"ks":{"o":{"a":0,"k":100,"ix":11},"r":{"a":0,"k":-98,"ix":10},"p":{"a":0,"k":[1611.748,-608.234,0],"ix":2,"l":2},"a":{"a":0,"k":[0,0,0],"ix":1,"l":2},"s":{"a":0,"k":[104.167,104.167,100],"ix":6,"l":2}},"ao":0,"shapes":[{"ty":"gr","it":[{"ind":0,"ty":"sh","ix":1,"ks":{"a":0,"k":{"i":[[0,0],[0,0],[0,0],[0,0]],"o":[[0,0],[0,0],[0,0],[0,0]],"v":[[-645.5,-416.5],[-789.5,-313],[-752,-259],[-606.5,-361.5]],"c":true},"ix":2},"nm":"Path 1","mn":"ADBE Vector Shape - Group","hd":false},{"ty":"fl","c":{"a":0,"k":[0.505882352941,0.505882352941,0.505882352941,1],"ix":4},"o":{"a":0,"k":100,"ix":5},"r":1,"bm":0,"nm":"Fill 1","mn":"ADBE Vector Graphic - Fill","hd":false},{"ty":"tr","p":{"a":0,"k":[0,0],"ix":2},"a":{"a":0,"k":[0,0],"ix":1},"s":{"a":0,"k":[100,100],"ix":3},"r":{"a":0,"k":0,"ix":6},"o":{"a":0,"k":100,"ix":7},"sk":{"a":0,"k":0,"ix":4},"sa":{"a":0,"k":0,"ix":5},"nm":"Transform"}],"nm":"Shape 1","np":3,"cix":2,"bm":0,"ix":1,"mn":"ADBE Vector Group","hd":false}],"ip":0,"op":200,"st":0,"bm":0},{"ddd":0,"ind":2,"ty":4,"nm":"Layer 1 Outlines","sr":1,"ks":{"o":{"a":0,"k":100,"ix":11},"r":{"a":0,"k":-262,"ix":10},"p":{"a":1,"k":[{"i":{"x":0.833,"y":0.833},"o":{"x":0.167,"y":0.167},"t":56.117,"s":[-540,-116,0],"to":[0,0,0],"ti":[0,0,0]},{"i":{"x":0.833,"y":0.833},"o":{"x":0.167,"y":0.167},"t":68.496,"s":[-148,212,0],"to":[0,0,0],"ti":[0,0,0]},{"i":{"x":0.565,"y":0.565},"o":{"x":0.167,"y":0.167},"t":83.35,"s":[-148,212,0],"to":[0,0,0],"ti":[0,0,0]},{"i":{"x":0.661,"y":0.661},"o":{"x":0.327,"y":0.327},"t":98.52,"s":[948,356,0],"to":[0,0,0],"ti":[0,0,0]},{"i":{"x":0.65,"y":0.65},"o":{"x":0.31,"y":0.31},"t":100.775,"s":[936,192,0],"to":[0,0,0],"ti":[0,0,0]},{"i":{"x":0.669,"y":0.669},"o":{"x":0.33,"y":0.33},"t":115.008,"s":[-88,28,0],"to":[0,0,0],"ti":[0,0,0]},{"i":{"x":0.683,"y":0.683},"o":{"x":0.344,"y":0.344},"t":128.574,"s":[900,-4,0],"to":[0,0,0],"ti":[0,0,0]},{"i":{"x":0.712,"y":0.712},"o":{"x":0.366,"y":0.366},"t":140.973,"s":[28,-240,0],"to":[0,0,0],"ti":[0,0,0]},{"i":{"x":0.833,"y":0.833},"o":{"x":0.438,"y":0.438},"t":152.641,"s":[876,-180,0],"to":[0,0,0],"ti":[0,0,0]},{"i":{"x":0.833,"y":0.833},"o":{"x":0.167,"y":0.167},"t":160.096,"s":[376,-392,0],"to":[0,0,0],"ti":[0,0,0]},{"t":170,"s":[552,-636,0]}],"ix":2,"l":2},"a":{"a":0,"k":[960,540,0],"ix":1,"l":2},"s":{"a":0,"k":[96,96,100],"ix":6,"l":2}},"ao":0,"shapes":[{"ty":"gr","it":[{"ind":0,"ty":"sh","ix":1,"ks":{"a":0,"k":{"i":[[0,0],[0,0],[0,0],[0,0],[0,0]],"o":[[0,0],[0,0],[0,0],[0,0],[0,0]],"v":[[360.376,-355.029],[-396.768,360.334],[-328.877,357.839],[396.767,-327.762],[365.991,-360.334]],"c":true},"ix":2},"nm":"Path 1","mn":"ADBE Vector Shape - Group","hd":false},{"ty":"fl","c":{"a":0,"k":[1,0.878431432387,0.400000029919,1],"ix":4},"o":{"a":0,"k":100,"ix":5},"r":1,"bm":0,"nm":"Fill 1","mn":"ADBE Vector Graphic - Fill","hd":false},{"ty":"tr","p":{"a":0,"k":[910.642,476.891],"ix":2},"a":{"a":0,"k":[0,0],"ix":1},"s":{"a":0,"k":[100,100],"ix":3},"r":{"a":0,"k":0,"ix":6},"o":{"a":0,"k":100,"ix":7},"sk":{"a":0,"k":0,"ix":4},"sa":{"a":0,"k":0,"ix":5},"nm":"Transform"}],"nm":"Group 1","np":2,"cix":2,"bm":0,"ix":1,"mn":"ADBE Vector Group","hd":false},{"ty":"gr","it":[{"ind":0,"ty":"sh","ix":1,"ks":{"a":0,"k":{"i":[[0,0],[0,0],[0,0],[0,0]],"o":[[0,0],[0,0],[0,0],[0,0]],"v":[[-385.623,381.841],[385.623,-346.844],[352.557,-381.841],[-373.087,303.758]],"c":true},"ix":2},"nm":"Path 1","mn":"ADBE Vector Shape - Group","hd":false},{"ty":"fl","c":{"a":0,"k":[0.988235353956,0.819607902976,0.094117654539,1],"ix":4},"o":{"a":0,"k":100,"ix":5},"r":1,"bm":0,"nm":"Fill 1","mn":"ADBE Vector Graphic - Fill","hd":false},{"ty":"tr","p":{"a":0,"k":[954.852,530.971],"ix":2},"a":{"a":0,"k":[0,0],"ix":1},"s":{"a":0,"k":[100,100],"ix":3},"r":{"a":0,"k":0,"ix":6},"o":{"a":0,"k":100,"ix":7},"sk":{"a":0,"k":0,"ix":4},"sa":{"a":0,"k":0,"ix":5},"nm":"Transform"}],"nm":"Group 2","np":2,"cix":2,"bm":0,"ix":2,"mn":"ADBE Vector Group","hd":false},{"ty":"gr","it":[{"ind":0,"ty":"sh","ix":1,"ks":{"a":0,"k":{"i":[[0,0],[0,0],[0,0],[0,0],[0,0]],"o":[[0,0],[0,0],[0,0],[0,0],[0,0]],"v":[[-381.829,376.874],[381.829,-344.644],[380.931,-343.794],[349.676,-376.874],[-376.208,308.954]],"c":true},"ix":2},"nm":"Path 1","mn":"ADBE Vector Shape - Group","hd":false},{"ty":"fl","c":{"a":0,"k":[1,0.800000059838,0,1],"ix":4},"o":{"a":0,"k":100,"ix":5},"r":1,"bm":0,"nm":"Fill 1","mn":"ADBE Vector Graphic - Fill","hd":false},{"ty":"tr","p":{"a":0,"k":[1023.385,595.49],"ix":2},"a":{"a":0,"k":[0,0],"ix":1},"s":{"a":0,"k":[100,100],"ix":3},"r":{"a":0,"k":0,"ix":6},"o":{"a":0,"k":100,"ix":7},"sk":{"a":0,"k":0,"ix":4},"sa":{"a":0,"k":0,"ix":5},"nm":"Transform"}],"nm":"Group 3","np":2,"cix":2,"bm":0,"ix":3,"mn":"ADBE Vector Group","hd":false},{"ty":"gr","it":[{"ind":0,"ty":"sh","ix":1,"ks":{"a":0,"k":{"i":[[0,0],[0,0],[0,0],[0,0]],"o":[[0,0],[0,0],[0,0],[0,0]],"v":[[-323.968,355.974],[401.916,-329.854],[369.33,-364.343],[-401.916,364.343]],"c":true},"ix":2},"nm":"Path 1","mn":"ADBE Vector Shape - Group","hd":false},{"ty":"fl","c":{"a":0,"k":[1,0.839215746113,0.20000001496,1],"ix":4},"o":{"a":0,"k":100,"ix":5},"r":1,"bm":0,"nm":"Fill 1","mn":"ADBE Vector Graphic - Fill","hd":false},{"ty":"tr","p":{"a":0,"k":[971.145,548.469],"ix":2},"a":{"a":0,"k":[0,0],"ix":1},"s":{"a":0,"k":[100,100],"ix":3},"r":{"a":0,"k":0,"ix":6},"o":{"a":0,"k":100,"ix":7},"sk":{"a":0,"k":0,"ix":4},"sa":{"a":0,"k":0,"ix":5},"nm":"Transform"}],"nm":"Group 4","np":2,"cix":2,"bm":0,"ix":4,"mn":"ADBE Vector Group","hd":false},{"ty":"gr","it":[{"ind":0,"ty":"sh","ix":1,"ks":{"a":0,"k":{"i":[[7.656,-7.234],[0,0],[0,0],[0,0],[24.786,26.233],[0,0],[16.733,0]],"o":[[0,0],[0,0],[0,0],[19.389,-18.319],[0,0],[-14.998,-15.875],[-10.92,0]],"v":[[-51.677,-82.916],[-95.443,-41.466],[32.239,93.673],[76.054,52.276],[66.28,-28.393],[27.419,-69.524],[-23.023,-93.673]],"c":true},"ix":2},"nm":"Path 2","mn":"ADBE Vector Shape - Group","hd":false},{"ty":"mm","mm":4,"nm":"Merge Paths 1","mn":"ADBE Vector Filter - Merge","hd":false},{"ty":"fl","c":{"a":0,"k":[0.980392156863,0.042291424321,0.461677431593,1],"ix":4},"o":{"a":0,"k":100,"ix":5},"r":1,"bm":0,"nm":"Fill 1","mn":"ADBE Vector Graphic - Fill","hd":false},{"ty":"tr","p":{"a":0,"k":[1421.381,111.439],"ix":2},"a":{"a":0,"k":[0,0],"ix":1},"s":{"a":0,"k":[100,100],"ix":3},"r":{"a":0,"k":0,"ix":6},"o":{"a":0,"k":100,"ix":7},"sk":{"a":0,"k":0,"ix":4},"sa":{"a":0,"k":0,"ix":5},"nm":"Transform"}],"nm":"Group 5","np":3,"cix":2,"bm":0,"ix":5,"mn":"ADBE Vector Group","hd":false},{"ty":"gr","it":[{"ind":0,"ty":"sh","ix":1,"ks":{"a":0,"k":{"i":[[0,0],[0,0],[0,0],[-5.454,1.758],[-4.526,4.276],[24.827,27.944],[39.685,-37.494],[2.511,-4.463],[0.775,-2.007],[2.458,-5.175]],"o":[[0,0],[0,0],[5.306,-2.161],[6.141,-1.98],[36.664,-34.64],[-30.099,-33.877],[-2.241,2.118],[-1.03,1.832],[-2.065,5.344],[0,0]],"v":[[-119.082,45.121],[-53.909,114.1],[35.394,77.735],[51.633,72.14],[67.2,62.284],[94.255,-80.223],[-60.397,-72.936],[-68.494,-63.633],[-71.204,-57.871],[-77.711,-41.977]],"c":true},"ix":2},"nm":"Path 1","mn":"ADBE Vector Shape - Group","hd":false},{"ty":"fl","c":{"a":0,"k":[0.917647118662,0.917647118662,0.917647118662,1],"ix":4},"o":{"a":0,"k":100,"ix":5},"r":1,"bm":0,"nm":"Fill 1","mn":"ADBE Vector Graphic - Fill","hd":false},{"ty":"tr","p":{"a":0,"k":[571.117,913.141],"ix":2},"a":{"a":0,"k":[0,0],"ix":1},"s":{"a":0,"k":[100,100],"ix":3},"r":{"a":0,"k":0,"ix":6},"o":{"a":0,"k":100,"ix":7},"sk":{"a":0,"k":0,"ix":4},"sa":{"a":0,"k":0,"ix":5},"nm":"Transform"}],"nm":"Group 9","np":2,"cix":2,"bm":0,"ix":6,"mn":"ADBE Vector Group","hd":false},{"ty":"gr","it":[{"ind":0,"ty":"sh","ix":1,"ks":{"a":0,"k":{"i":[[0,0],[0,0],[0,0]],"o":[[0,0],[0,0],[0,0]],"v":[[-60.713,59.214],[60.713,9.766],[-4.46,-59.214]],"c":true},"ix":2},"nm":"Path 1","mn":"ADBE Vector Shape - Group","hd":false},{"ty":"fl","c":{"a":0,"k":[0.501960784314,0.509803921569,0.521568627451,1],"ix":4},"o":{"a":0,"k":100,"ix":5},"r":1,"bm":0,"nm":"Fill 1","mn":"ADBE Vector Graphic - Fill","hd":false},{"ty":"tr","p":{"a":0,"k":[456.495,1017.475],"ix":2},"a":{"a":0,"k":[0,0],"ix":1},"s":{"a":0,"k":[100,100],"ix":3},"r":{"a":0,"k":0,"ix":6},"o":{"a":0,"k":100,"ix":7},"sk":{"a":0,"k":0,"ix":4},"sa":{"a":0,"k":0,"ix":5},"nm":"Transform"}],"nm":"Group 10","np":2,"cix":2,"bm":0,"ix":7,"mn":"ADBE Vector Group","hd":false}],"ip":0,"op":200,"st":0,"bm":0}]},{"id":"comp_1","nm":"soru","fr":60,"layers":[{"ddd":0,"ind":1,"ty":4,"nm":"soru iÃÂareti, 2","parent":10,"sr":1,"ks":{"o":{"a":0,"k":100,"ix":11},"r":{"a":0,"k":0,"ix":10},"p":{"a":0,"k":[551.695,768.652,0],"ix":2,"l":2},"a":{"a":0,"k":[551.695,768.652,0],"ix":1,"l":2},"s":{"a":0,"k":[102.41,102.41,100],"ix":6,"l":2}},"ao":0,"shapes":[{"ty":"gr","it":[{"ind":0,"ty":"sh","ix":1,"ks":{"a":0,"k":{"i":[[0,0],[0,0],[0,0],[0,0]],"o":[[0,0],[0,0],[0,0],[0,0]],"v":[[13.961,59.381],[12.388,92.454],[-18.702,90.974],[-17.127,57.902]],"c":true},"ix":2},"nm":"Path 1","mn":"ADBE Vector Shape - Group","hd":false},{"ind":1,"ty":"sh","ix":2,"ks":{"a":0,"k":{"i":[[0.472,-8.108],[0,0],[0,0],[-2.59,3.325],[-8.504,5.96],[-0.512,10.76],[4.668,4.994],[7.848,0.374],[4.458,-24.98],[0,0],[-12.638,10.139],[-16.932,-0.805],[-10.549,-10.533],[0.708,-14.903],[3.359,-6.514],[4.053,-3.474],[12.958,-8.576],[1.086,-2.378]],"o":[[0,0],[0,0],[0.285,-5.997],[2.588,-3.324],[12.98,-9.015],[0.387,-8.113],[-4.668,-4.997],[-18.168,-0.864],[0,0],[2.657,-18.701],[12.634,-10.137],[16.846,0.802],[10.547,10.535],[-0.353,7.407],[-3.36,6.514],[-4.056,3.475],[-3.65,2.391],[-1.086,2.381]],"v":[[9.564,40.344],[-16.234,39.117],[-15.383,21.257],[-11.072,7.275],[5.567,-6.65],[25.807,-36.314],[19.384,-55.977],[0.608,-64.032],[-33.332,-27.859],[-61.925,-34.391],[-38.984,-77.651],[5.369,-91.649],[46.459,-74.644],[61.217,-36.485],[55.649,-15.602],[44.527,-0.619],[19.005,17.458],[11.902,24.611]],"c":true},"ix":2},"nm":"Path 2","mn":"ADBE Vector Shape - Group","hd":false},{"ty":"mm","mm":1,"nm":"Merge Paths 1","mn":"ADBE Vector Filter - Merge","hd":false},{"ty":"st","c":{"a":0,"k":[1,1,1,1],"ix":3},"o":{"a":0,"k":100,"ix":4},"w":{"a":0,"k":3,"ix":5},"lc":1,"lj":1,"ml":10,"bm":0,"nm":"Stroke 1","mn":"ADBE Vector Graphic - Stroke","hd":false},{"ty":"fl","c":{"a":0,"k":[1,0.717647058824,0.356862745098,1],"ix":4},"o":{"a":0,"k":100,"ix":5},"r":1,"bm":0,"nm":"Fill 1","mn":"ADBE Vector Graphic - Fill","hd":false},{"ty":"tr","p":{"a":0,"k":[552.016,768.294],"ix":2},"a":{"a":0,"k":[0,0],"ix":1},"s":{"a":0,"k":[100,100],"ix":3},"r":{"a":0,"k":0,"ix":6},"o":{"a":0,"k":100,"ix":7},"sk":{"a":0,"k":0,"ix":4},"sa":{"a":0,"k":0,"ix":5},"nm":"Transform"}],"nm":"Group 1","np":5,"cix":2,"bm":0,"ix":1,"mn":"ADBE Vector Group","hd":false}],"ip":25,"op":314,"st":-28,"bm":0},{"ddd":0,"ind":2,"ty":4,"nm":"soru iÃÂareti,","parent":11,"sr":1,"ks":{"o":{"a":0,"k":100,"ix":11},"r":{"a":0,"k":0,"ix":10},"p":{"a":0,"k":[548.971,768.496,0],"ix":2,"l":2},"a":{"a":0,"k":[551.695,768.652,0],"ix":1,"l":2},"s":{"a":0,"k":[100.723,100.723,100],"ix":6,"l":2}},"ao":0,"shapes":[{"ty":"gr","it":[{"ind":0,"ty":"sh","ix":1,"ks":{"a":0,"k":{"i":[[0,0],[0,0],[0,0],[0,0]],"o":[[0,0],[0,0],[0,0],[0,0]],"v":[[13.961,59.381],[12.388,92.454],[-18.702,90.974],[-17.127,57.902]],"c":true},"ix":2},"nm":"Path 1","mn":"ADBE Vector Shape - Group","hd":false},{"ind":1,"ty":"sh","ix":2,"ks":{"a":0,"k":{"i":[[0.472,-8.108],[0,0],[0,0],[-2.59,3.325],[-8.504,5.96],[-0.512,10.76],[4.668,4.994],[7.848,0.374],[4.458,-24.98],[0,0],[-12.638,10.139],[-16.932,-0.805],[-10.549,-10.533],[0.708,-14.903],[3.359,-6.514],[4.053,-3.474],[12.958,-8.576],[1.086,-2.378]],"o":[[0,0],[0,0],[0.285,-5.997],[2.588,-3.324],[12.98,-9.015],[0.387,-8.113],[-4.668,-4.997],[-18.168,-0.864],[0,0],[2.657,-18.701],[12.634,-10.137],[16.846,0.802],[10.547,10.535],[-0.353,7.407],[-3.36,6.514],[-4.056,3.475],[-3.65,2.391],[-1.086,2.381]],"v":[[9.564,40.344],[-16.234,39.117],[-15.383,21.257],[-11.072,7.275],[5.567,-6.65],[25.807,-36.314],[19.384,-55.977],[0.608,-64.032],[-33.332,-27.859],[-61.925,-34.391],[-38.984,-77.651],[5.369,-91.649],[46.459,-74.644],[61.217,-36.485],[55.649,-15.602],[44.527,-0.619],[19.005,17.458],[11.902,24.611]],"c":true},"ix":2},"nm":"Path 2","mn":"ADBE Vector Shape - Group","hd":false},{"ty":"mm","mm":1,"nm":"Merge Paths 1","mn":"ADBE Vector Filter - Merge","hd":false},{"ty":"st","c":{"a":0,"k":[1,1,1,1],"ix":3},"o":{"a":0,"k":100,"ix":4},"w":{"a":0,"k":3,"ix":5},"lc":1,"lj":1,"ml":10,"bm":0,"nm":"Stroke 1","mn":"ADBE Vector Graphic - Stroke","hd":false},{"ty":"fl","c":{"a":0,"k":[1,0.717647058824,0.356862745098,1],"ix":4},"o":{"a":0,"k":100,"ix":5},"r":1,"bm":0,"nm":"Fill 1","mn":"ADBE Vector Graphic - Fill","hd":false},{"ty":"tr","p":{"a":0,"k":[552.016,768.294],"ix":2},"a":{"a":0,"k":[0,0],"ix":1},"s":{"a":0,"k":[100,100],"ix":3},"r":{"a":0,"k":0,"ix":6},"o":{"a":0,"k":100,"ix":7},"sk":{"a":0,"k":0,"ix":4},"sa":{"a":0,"k":0,"ix":5},"nm":"Transform"}],"nm":"Group 1","np":5,"cix":2,"bm":0,"ix":1,"mn":"ADBE Vector Group","hd":false}],"ip":14,"op":328,"st":-14,"bm":0},{"ddd":0,"ind":3,"ty":4,"nm":"soru iÃÂareti, 6","parent":7,"sr":1,"ks":{"o":{"a":0,"k":100,"ix":11},"r":{"a":0,"k":0,"ix":10},"p":{"a":0,"k":[551.695,768.652,0],"ix":2,"l":2},"a":{"a":0,"k":[551.695,768.652,0],"ix":1,"l":2},"s":{"a":0,"k":[110,110,100],"ix":6,"l":2}},"ao":0,"shapes":[{"ty":"gr","it":[{"ind":0,"ty":"sh","ix":1,"ks":{"a":0,"k":{"i":[[0,0],[0,0],[0,0],[0,0]],"o":[[0,0],[0,0],[0,0],[0,0]],"v":[[13.961,59.381],[12.388,92.454],[-18.702,90.974],[-17.127,57.902]],"c":true},"ix":2},"nm":"Path 1","mn":"ADBE Vector Shape - Group","hd":false},{"ind":1,"ty":"sh","ix":2,"ks":{"a":0,"k":{"i":[[0.472,-8.108],[0,0],[0,0],[-2.59,3.325],[-8.504,5.96],[-0.512,10.76],[4.668,4.994],[7.848,0.374],[4.458,-24.98],[0,0],[-12.638,10.139],[-16.932,-0.805],[-10.549,-10.533],[0.708,-14.903],[3.359,-6.514],[4.053,-3.474],[12.958,-8.576],[1.086,-2.378]],"o":[[0,0],[0,0],[0.285,-5.997],[2.588,-3.324],[12.98,-9.015],[0.387,-8.113],[-4.668,-4.997],[-18.168,-0.864],[0,0],[2.657,-18.701],[12.634,-10.137],[16.846,0.802],[10.547,10.535],[-0.353,7.407],[-3.36,6.514],[-4.056,3.475],[-3.65,2.391],[-1.086,2.381]],"v":[[9.564,40.344],[-16.234,39.117],[-15.383,21.257],[-11.072,7.275],[5.567,-6.65],[25.807,-36.314],[19.384,-55.977],[0.608,-64.032],[-33.332,-27.859],[-61.925,-34.391],[-38.984,-77.651],[5.369,-91.649],[46.459,-74.644],[61.217,-36.485],[55.649,-15.602],[44.527,-0.619],[19.005,17.458],[11.902,24.611]],"c":true},"ix":2},"nm":"Path 2","mn":"ADBE Vector Shape - Group","hd":false},{"ty":"mm","mm":1,"nm":"Merge Paths 1","mn":"ADBE Vector Filter - Merge","hd":false},{"ty":"st","c":{"a":0,"k":[1,1,1,1],"ix":3},"o":{"a":0,"k":100,"ix":4},"w":{"a":0,"k":3,"ix":5},"lc":1,"lj":1,"ml":10,"bm":0,"nm":"Stroke 1","mn":"ADBE Vector Graphic - Stroke","hd":false},{"ty":"fl","c":{"a":0,"k":[1,0.717647058824,0.356862745098,1],"ix":4},"o":{"a":0,"k":100,"ix":5},"r":1,"bm":0,"nm":"Fill 1","mn":"ADBE Vector Graphic - Fill","hd":false},{"ty":"tr","p":{"a":0,"k":[552.016,768.294],"ix":2},"a":{"a":0,"k":[0,0],"ix":1},"s":{"a":0,"k":[100,100],"ix":3},"r":{"a":0,"k":0,"ix":6},"o":{"a":0,"k":100,"ix":7},"sk":{"a":0,"k":0,"ix":4},"sa":{"a":0,"k":0,"ix":5},"nm":"Transform"}],"nm":"Group 1","np":5,"cix":2,"bm":0,"ix":1,"mn":"ADBE Vector Group","hd":false}],"ip":65,"op":376,"st":65,"bm":0},{"ddd":0,"ind":4,"ty":4,"nm":"soru iÃÂareti, 5","parent":8,"sr":1,"ks":{"o":{"a":0,"k":100,"ix":11},"r":{"a":0,"k":0,"ix":10},"p":{"a":0,"k":[551.695,768.652,0],"ix":2,"l":2},"a":{"a":0,"k":[551.695,768.652,0],"ix":1,"l":2},"s":{"a":0,"k":[131.906,131.906,100],"ix":6,"l":2}},"ao":0,"shapes":[{"ty":"gr","it":[{"ind":0,"ty":"sh","ix":1,"ks":{"a":0,"k":{"i":[[0,0],[0,0],[0,0],[0,0]],"o":[[0,0],[0,0],[0,0],[0,0]],"v":[[13.961,59.381],[12.388,92.454],[-18.702,90.974],[-17.127,57.902]],"c":true},"ix":2},"nm":"Path 1","mn":"ADBE Vector Shape - Group","hd":false},{"ind":1,"ty":"sh","ix":2,"ks":{"a":0,"k":{"i":[[0.472,-8.108],[0,0],[0,0],[-2.59,3.325],[-8.504,5.96],[-0.512,10.76],[4.668,4.994],[7.848,0.374],[4.458,-24.98],[0,0],[-12.638,10.139],[-16.932,-0.805],[-10.549,-10.533],[0.708,-14.903],[3.359,-6.514],[4.053,-3.474],[12.958,-8.576],[1.086,-2.378]],"o":[[0,0],[0,0],[0.285,-5.997],[2.588,-3.324],[12.98,-9.015],[0.387,-8.113],[-4.668,-4.997],[-18.168,-0.864],[0,0],[2.657,-18.701],[12.634,-10.137],[16.846,0.802],[10.547,10.535],[-0.353,7.407],[-3.36,6.514],[-4.056,3.475],[-3.65,2.391],[-1.086,2.381]],"v":[[9.564,40.344],[-16.234,39.117],[-15.383,21.257],[-11.072,7.275],[5.567,-6.65],[25.807,-36.314],[19.384,-55.977],[0.608,-64.032],[-33.332,-27.859],[-61.925,-34.391],[-38.984,-77.651],[5.369,-91.649],[46.459,-74.644],[61.217,-36.485],[55.649,-15.602],[44.527,-0.619],[19.005,17.458],[11.902,24.611]],"c":true},"ix":2},"nm":"Path 2","mn":"ADBE Vector Shape - Group","hd":false},{"ty":"mm","mm":1,"nm":"Merge Paths 1","mn":"ADBE Vector Filter - Merge","hd":false},{"ty":"st","c":{"a":0,"k":[1,1,1,1],"ix":3},"o":{"a":0,"k":100,"ix":4},"w":{"a":0,"k":3,"ix":5},"lc":1,"lj":1,"ml":10,"bm":0,"nm":"Stroke 1","mn":"ADBE Vector Graphic - Stroke","hd":false},{"ty":"fl","c":{"a":0,"k":[1,0.717647058824,0.356862745098,1],"ix":4},"o":{"a":0,"k":100,"ix":5},"r":1,"bm":0,"nm":"Fill 1","mn":"ADBE Vector Graphic - Fill","hd":false},{"ty":"tr","p":{"a":0,"k":[552.016,768.294],"ix":2},"a":{"a":0,"k":[0,0],"ix":1},"s":{"a":0,"k":[100,100],"ix":3},"r":{"a":0,"k":0,"ix":6},"o":{"a":0,"k":100,"ix":7},"sk":{"a":0,"k":0,"ix":4},"sa":{"a":0,"k":0,"ix":5},"nm":"Transform"}],"nm":"Group 1","np":5,"cix":2,"bm":0,"ix":1,"mn":"ADBE Vector Group","hd":false}],"ip":51,"op":314,"st":-25,"bm":0},{"ddd":0,"ind":5,"ty":4,"nm":"soru iÃÂareti, 4","parent":9,"sr":1,"ks":{"o":{"a":0,"k":100,"ix":11},"r":{"a":0,"k":0,"ix":10},"p":{"a":0,"k":[551.695,768.652,0],"ix":2,"l":2},"a":{"a":0,"k":[551.695,768.652,0],"ix":1,"l":2},"s":{"a":0,"k":[100,100,100],"ix":6,"l":2}},"ao":0,"shapes":[{"ty":"gr","it":[{"ind":0,"ty":"sh","ix":1,"ks":{"a":0,"k":{"i":[[0,0],[0,0],[0,0],[0,0]],"o":[[0,0],[0,0],[0,0],[0,0]],"v":[[13.961,59.381],[12.388,92.454],[-18.702,90.974],[-17.127,57.902]],"c":true},"ix":2},"nm":"Path 1","mn":"ADBE Vector Shape - Group","hd":false},{"ind":1,"ty":"sh","ix":2,"ks":{"a":0,"k":{"i":[[0.472,-8.108],[0,0],[0,0],[-2.59,3.325],[-8.504,5.96],[-0.512,10.76],[4.668,4.994],[7.848,0.374],[4.458,-24.98],[0,0],[-12.638,10.139],[-16.932,-0.805],[-10.549,-10.533],[0.708,-14.903],[3.359,-6.514],[4.053,-3.474],[12.958,-8.576],[1.086,-2.378]],"o":[[0,0],[0,0],[0.285,-5.997],[2.588,-3.324],[12.98,-9.015],[0.387,-8.113],[-4.668,-4.997],[-18.168,-0.864],[0,0],[2.657,-18.701],[12.634,-10.137],[16.846,0.802],[10.547,10.535],[-0.353,7.407],[-3.36,6.514],[-4.056,3.475],[-3.65,2.391],[-1.086,2.381]],"v":[[9.564,40.344],[-16.234,39.117],[-15.383,21.257],[-11.072,7.275],[5.567,-6.65],[25.807,-36.314],[19.384,-55.977],[0.608,-64.032],[-33.332,-27.859],[-61.925,-34.391],[-38.984,-77.651],[5.369,-91.649],[46.459,-74.644],[61.217,-36.485],[55.649,-15.602],[44.527,-0.619],[19.005,17.458],[11.902,24.611]],"c":true},"ix":2},"nm":"Path 2","mn":"ADBE Vector Shape - Group","hd":false},{"ty":"mm","mm":1,"nm":"Merge Paths 1","mn":"ADBE Vector Filter - Merge","hd":false},{"ty":"st","c":{"a":0,"k":[1,1,1,1],"ix":3},"o":{"a":0,"k":100,"ix":4},"w":{"a":0,"k":3,"ix":5},"lc":1,"lj":1,"ml":10,"bm":0,"nm":"Stroke 1","mn":"ADBE Vector Graphic - Stroke","hd":false},{"ty":"fl","c":{"a":0,"k":[1,0.717647058824,0.356862745098,1],"ix":4},"o":{"a":0,"k":100,"ix":5},"r":1,"bm":0,"nm":"Fill 1","mn":"ADBE Vector Graphic - Fill","hd":false},{"ty":"tr","p":{"a":0,"k":[552.016,768.294],"ix":2},"a":{"a":0,"k":[0,0],"ix":1},"s":{"a":0,"k":[100,100],"ix":3},"r":{"a":0,"k":0,"ix":6},"o":{"a":0,"k":100,"ix":7},"sk":{"a":0,"k":0,"ix":4},"sa":{"a":0,"k":0,"ix":5},"nm":"Transform"}],"nm":"Group 1","np":5,"cix":2,"bm":0,"ix":1,"mn":"ADBE Vector Group","hd":false}],"ip":39,"op":314,"st":-28,"bm":0},{"ddd":0,"ind":6,"ty":4,"nm":"soru iÃÂareti, 3","parent":12,"sr":1,"ks":{"o":{"a":0,"k":100,"ix":11},"r":{"a":0,"k":0,"ix":10},"p":{"a":0,"k":[551.695,768.652,0],"ix":2,"l":2},"a":{"a":0,"k":[551.695,768.652,0],"ix":1,"l":2},"s":{"a":0,"k":[117.308,117.308,100],"ix":6,"l":2}},"ao":0,"shapes":[{"ty":"gr","it":[{"ind":0,"ty":"sh","ix":1,"ks":{"a":0,"k":{"i":[[0,0],[0,0],[0,0],[0,0]],"o":[[0,0],[0,0],[0,0],[0,0]],"v":[[13.961,59.381],[12.388,92.454],[-18.702,90.974],[-17.127,57.902]],"c":true},"ix":2},"nm":"Path 1","mn":"ADBE Vector Shape - Group","hd":false},{"ind":1,"ty":"sh","ix":2,"ks":{"a":0,"k":{"i":[[0.472,-8.108],[0,0],[0,0],[-2.59,3.325],[-8.504,5.96],[-0.512,10.76],[4.668,4.994],[7.848,0.374],[4.458,-24.98],[0,0],[-12.638,10.139],[-16.932,-0.805],[-10.549,-10.533],[0.708,-14.903],[3.359,-6.514],[4.053,-3.474],[12.958,-8.576],[1.086,-2.378]],"o":[[0,0],[0,0],[0.285,-5.997],[2.588,-3.324],[12.98,-9.015],[0.387,-8.113],[-4.668,-4.997],[-18.168,-0.864],[0,0],[2.657,-18.701],[12.634,-10.137],[16.846,0.802],[10.547,10.535],[-0.353,7.407],[-3.36,6.514],[-4.056,3.475],[-3.65,2.391],[-1.086,2.381]],"v":[[9.564,40.344],[-16.234,39.117],[-15.383,21.257],[-11.072,7.275],[5.567,-6.65],[25.807,-36.314],[19.384,-55.977],[0.608,-64.032],[-33.332,-27.859],[-61.925,-34.391],[-38.984,-77.651],[5.369,-91.649],[46.459,-74.644],[61.217,-36.485],[55.649,-15.602],[44.527,-0.619],[19.005,17.458],[11.902,24.611]],"c":true},"ix":2},"nm":"Path 2","mn":"ADBE Vector Shape - Group","hd":false},{"ty":"mm","mm":1,"nm":"Merge Paths 1","mn":"ADBE Vector Filter - Merge","hd":false},{"ty":"st","c":{"a":0,"k":[1,1,1,1],"ix":3},"o":{"a":0,"k":100,"ix":4},"w":{"a":0,"k":3,"ix":5},"lc":1,"lj":1,"ml":10,"bm":0,"nm":"Stroke 1","mn":"ADBE Vector Graphic - Stroke","hd":false},{"ty":"fl","c":{"a":0,"k":[1,0.717647058824,0.356862745098,1],"ix":4},"o":{"a":0,"k":100,"ix":5},"r":1,"bm":0,"nm":"Fill 1","mn":"ADBE Vector Graphic - Fill","hd":false},{"ty":"tr","p":{"a":0,"k":[552.016,768.294],"ix":2},"a":{"a":0,"k":[0,0],"ix":1},"s":{"a":0,"k":[100,100],"ix":3},"r":{"a":0,"k":0,"ix":6},"o":{"a":0,"k":100,"ix":7},"sk":{"a":0,"k":0,"ix":4},"sa":{"a":0,"k":0,"ix":5},"nm":"Transform"}],"nm":"Group 1","np":5,"cix":2,"bm":0,"ix":1,"mn":"ADBE Vector Group","hd":false}],"ip":3,"op":314,"st":-28,"bm":0},{"ddd":0,"ind":7,"ty":4,"nm":"daire 6","sr":1,"ks":{"o":{"a":0,"k":100,"ix":11},"r":{"a":0,"k":0,"ix":10},"p":{"a":0,"k":[831.883,158.736,0],"ix":2,"l":2},"a":{"a":0,"k":[551.695,768.652,0],"ix":1,"l":2},"s":{"a":1,"k":[{"i":{"x":[0.667,0.667,0.667],"y":[1,1,1]},"o":{"x":[0.167,0.167,0.167],"y":[0.167,0.167,-4.688]},"t":74,"s":[0,0,100]},{"i":{"x":[0.833,0.833,0.833],"y":[0.833,0.833,1.485]},"o":{"x":[0.333,0.333,0.333],"y":[0,0,0]},"t":89,"s":[46,46,100]},{"t":95,"s":[40,40,100]}],"ix":6,"l":2}},"ao":0,"shapes":[{"ty":"gr","it":[{"ind":0,"ty":"sh","ix":1,"ks":{"a":0,"k":{"i":[[7.364,-92.325],[92.325,7.364],[-7.365,92.325],[-92.325,-7.365]],"o":[[-7.364,92.325],[-92.325,-7.364],[7.364,-92.325],[92.325,7.364]],"v":[[167.169,13.334],[-13.334,167.169],[-167.169,-13.334],[13.334,-167.169]],"c":true},"ix":2},"nm":"Path 1","mn":"ADBE Vector Shape - Group","hd":false},{"ty":"fl","c":{"a":0,"k":[0.278431372549,0.564705882353,0.776470648074,1],"ix":4},"o":{"a":0,"k":100,"ix":5},"r":1,"bm":0,"nm":"Fill 1","mn":"ADBE Vector Graphic - Fill","hd":false},{"ty":"tr","p":{"a":0,"k":[551.695,768.652],"ix":2},"a":{"a":0,"k":[0,0],"ix":1},"s":{"a":0,"k":[100,100],"ix":3},"r":{"a":0,"k":0,"ix":6},"o":{"a":0,"k":100,"ix":7},"sk":{"a":0,"k":0,"ix":4},"sa":{"a":0,"k":0,"ix":5},"nm":"Transform"}],"nm":"Group 1","np":2,"cix":2,"bm":0,"ix":1,"mn":"ADBE Vector Group","hd":false}],"ip":65,"op":280,"st":58,"bm":0},{"ddd":0,"ind":8,"ty":4,"nm":"daire 5","sr":1,"ks":{"o":{"a":0,"k":100,"ix":11},"r":{"a":0,"k":0,"ix":10},"p":{"a":0,"k":[579.33,293.03,0],"ix":2,"l":2},"a":{"a":0,"k":[551.695,768.652,0],"ix":1,"l":2},"s":{"a":1,"k":[{"i":{"x":[0.667,0.667,0.667],"y":[1,1,1]},"o":{"x":[0.167,0.167,0.167],"y":[0.167,0.167,-3.333]},"t":60,"s":[0,0,100]},{"i":{"x":[0.833,0.833,0.833],"y":[0.833,0.833,0.907]},"o":{"x":[0.333,0.333,0.333],"y":[0,0,0]},"t":75,"s":[64,64,100]},{"t":81,"s":[58,58,100]}],"ix":6,"l":2}},"ao":0,"shapes":[{"ty":"gr","it":[{"ind":0,"ty":"sh","ix":1,"ks":{"a":0,"k":{"i":[[7.364,-92.325],[92.325,7.364],[-7.365,92.325],[-92.325,-7.365]],"o":[[-7.364,92.325],[-92.325,-7.364],[7.364,-92.325],[92.325,7.364]],"v":[[167.169,13.334],[-13.334,167.169],[-167.169,-13.334],[13.334,-167.169]],"c":true},"ix":2},"nm":"Path 1","mn":"ADBE Vector Shape - Group","hd":false},{"ty":"fl","c":{"a":0,"k":[0.278431372549,0.564705882353,0.776470648074,1],"ix":4},"o":{"a":0,"k":100,"ix":5},"r":1,"bm":0,"nm":"Fill 1","mn":"ADBE Vector Graphic - Fill","hd":false},{"ty":"tr","p":{"a":0,"k":[551.695,768.652],"ix":2},"a":{"a":0,"k":[0,0],"ix":1},"s":{"a":0,"k":[100,100],"ix":3},"r":{"a":0,"k":0,"ix":6},"o":{"a":0,"k":100,"ix":7},"sk":{"a":0,"k":0,"ix":4},"sa":{"a":0,"k":0,"ix":5},"nm":"Transform"}],"nm":"Group 1","np":2,"cix":2,"bm":0,"ix":1,"mn":"ADBE Vector Group","hd":false}],"ip":51,"op":276,"st":44,"bm":0},{"ddd":0,"ind":9,"ty":4,"nm":"daire 4","sr":1,"ks":{"o":{"a":0,"k":100,"ix":11},"r":{"a":0,"k":0,"ix":10},"p":{"a":0,"k":[1114.115,302.807,0],"ix":2,"l":2},"a":{"a":0,"k":[551.695,768.652,0],"ix":1,"l":2},"s":{"a":1,"k":[{"i":{"x":[0.667,0.667,0.667],"y":[1,1,1]},"o":{"x":[0.167,0.167,0.167],"y":[0.167,0.167,-1.852]},"t":48,"s":[0,0,100]},{"i":{"x":[0.833,0.833,0.833],"y":[0.833,0.833,1.357]},"o":{"x":[0.333,0.333,0.333],"y":[0,0,0]},"t":63,"s":[80,80,100]},{"t":69,"s":[72,72,100]}],"ix":6,"l":2}},"ao":0,"shapes":[{"ty":"gr","it":[{"ind":0,"ty":"sh","ix":1,"ks":{"a":0,"k":{"i":[[7.364,-92.325],[92.325,7.364],[-7.365,92.325],[-92.325,-7.365]],"o":[[-7.364,92.325],[-92.325,-7.364],[7.364,-92.325],[92.325,7.364]],"v":[[167.169,13.334],[-13.334,167.169],[-167.169,-13.334],[13.334,-167.169]],"c":true},"ix":2},"nm":"Path 1","mn":"ADBE Vector Shape - Group","hd":false},{"ty":"fl","c":{"a":0,"k":[0.278431372549,0.564705882353,0.776470648074,1],"ix":4},"o":{"a":0,"k":100,"ix":5},"r":1,"bm":0,"nm":"Fill 1","mn":"ADBE Vector Graphic - Fill","hd":false},{"ty":"tr","p":{"a":0,"k":[551.695,768.652],"ix":2},"a":{"a":0,"k":[0,0],"ix":1},"s":{"a":0,"k":[100,100],"ix":3},"r":{"a":0,"k":0,"ix":6},"o":{"a":0,"k":100,"ix":7},"sk":{"a":0,"k":0,"ix":4},"sa":{"a":0,"k":0,"ix":5},"nm":"Transform"}],"nm":"Group 1","np":2,"cix":2,"bm":0,"ix":1,"mn":"ADBE Vector Group","hd":false}],"ip":39,"op":266,"st":32,"bm":0},{"ddd":0,"ind":10,"ty":4,"nm":"daire 2","sr":1,"ks":{"o":{"a":0,"k":100,"ix":11},"r":{"a":0,"k":0,"ix":10},"p":{"a":0,"k":[851.408,510.557,0],"ix":2,"l":2},"a":{"a":0,"k":[551.695,768.652,0],"ix":1,"l":2},"s":{"a":1,"k":[{"i":{"x":[0.667,0.667,0.667],"y":[1,1,1]},"o":{"x":[0.167,0.167,0.167],"y":[0.167,0.167,-1.66]},"t":35,"s":[0,0,100]},{"i":{"x":[0.833,0.833,0.833],"y":[0.833,0.833,0.806]},"o":{"x":[0.333,0.333,0.333],"y":[0,0,0]},"t":50,"s":[90,90,100]},{"t":56,"s":[83,83,100]}],"ix":6,"l":2}},"ao":0,"shapes":[{"ty":"gr","it":[{"ind":0,"ty":"sh","ix":1,"ks":{"a":0,"k":{"i":[[7.364,-92.325],[92.325,7.364],[-7.365,92.325],[-92.325,-7.365]],"o":[[-7.364,92.325],[-92.325,-7.364],[7.364,-92.325],[92.325,7.364]],"v":[[167.169,13.334],[-13.334,167.169],[-167.169,-13.334],[13.334,-167.169]],"c":true},"ix":2},"nm":"Path 1","mn":"ADBE Vector Shape - Group","hd":false},{"ty":"fl","c":{"a":0,"k":[0.278431372549,0.564705882353,0.776470648074,1],"ix":4},"o":{"a":0,"k":100,"ix":5},"r":1,"bm":0,"nm":"Fill 1","mn":"ADBE Vector Graphic - Fill","hd":false},{"ty":"tr","p":{"a":0,"k":[551.695,768.652],"ix":2},"a":{"a":0,"k":[0,0],"ix":1},"s":{"a":0,"k":[100,100],"ix":3},"r":{"a":0,"k":0,"ix":6},"o":{"a":0,"k":100,"ix":7},"sk":{"a":0,"k":0,"ix":4},"sa":{"a":0,"k":0,"ix":5},"nm":"Transform"}],"nm":"Group 1","np":2,"cix":2,"bm":0,"ix":1,"mn":"ADBE Vector Group","hd":false}],"ip":25,"op":260,"st":18,"bm":0},{"ddd":0,"ind":11,"ty":4,"nm":"daire 1","sr":1,"ks":{"o":{"a":0,"k":100,"ix":11},"r":{"a":0,"k":0,"ix":10},"p":{"a":0,"k":[1159.408,760.338,0],"ix":2,"l":2},"a":{"a":0,"k":[551.695,768.652,0],"ix":1,"l":2},"s":{"a":1,"k":[{"i":{"x":[0.667,0.667,0.667],"y":[1,1,1]},"o":{"x":[0.167,0.167,0.167],"y":[0.167,0.167,-2.031]},"t":26,"s":[0,0,100]},{"i":{"x":[0.833,0.833,0.833],"y":[0.833,0.833,1.052]},"o":{"x":[0.333,0.333,0.333],"y":[0,0,0]},"t":40.699,"s":[100,100,100]},{"t":47,"s":[91,91,100]}],"ix":6,"l":2}},"ao":0,"shapes":[{"ty":"gr","it":[{"ind":0,"ty":"sh","ix":1,"ks":{"a":0,"k":{"i":[[7.364,-92.325],[92.325,7.364],[-7.365,92.325],[-92.325,-7.365]],"o":[[-7.364,92.325],[-92.325,-7.364],[7.364,-92.325],[92.325,7.364]],"v":[[167.169,13.334],[-13.334,167.169],[-167.169,-13.334],[13.334,-167.169]],"c":true},"ix":2},"nm":"Path 1","mn":"ADBE Vector Shape - Group","hd":false},{"ty":"fl","c":{"a":0,"k":[0.278431372549,0.564705882353,0.776470648074,1],"ix":4},"o":{"a":0,"k":100,"ix":5},"r":1,"bm":0,"nm":"Fill 1","mn":"ADBE Vector Graphic - Fill","hd":false},{"ty":"tr","p":{"a":0,"k":[551.695,768.652],"ix":2},"a":{"a":0,"k":[0,0],"ix":1},"s":{"a":0,"k":[100,100],"ix":3},"r":{"a":0,"k":0,"ix":6},"o":{"a":0,"k":100,"ix":7},"sk":{"a":0,"k":0,"ix":4},"sa":{"a":0,"k":0,"ix":5},"nm":"Transform"}],"nm":"Group 1","np":2,"cix":2,"bm":0,"ix":1,"mn":"ADBE Vector Group","hd":false}],"ip":14,"op":256,"st":7,"bm":0},{"ddd":0,"ind":12,"ty":4,"nm":"daire 3","sr":1,"ks":{"o":{"a":0,"k":100,"ix":11},"r":{"a":0,"k":0,"ix":10},"p":{"a":0,"k":[500.758,689.817,0],"ix":2,"l":2},"a":{"a":0,"k":[551.695,768.652,0],"ix":1,"l":2},"s":{"a":1,"k":[{"i":{"x":[0.667,0.667,0.667],"y":[1,1,1]},"o":{"x":[0.167,0.167,0.167],"y":[0.167,0.167,16.814]},"t":16,"s":[0,0,100]},{"i":{"x":[0.833,0.833,0.833],"y":[0.833,0.833,1.147]},"o":{"x":[0.333,0.333,0.333],"y":[0,0,0]},"t":30.699,"s":[114,114,100]},{"t":37,"s":[104,104,100]}],"ix":6,"l":2}},"ao":0,"shapes":[{"ty":"gr","it":[{"ind":0,"ty":"sh","ix":1,"ks":{"a":0,"k":{"i":[[7.364,-92.325],[92.325,7.364],[-7.365,92.325],[-92.325,-7.365]],"o":[[-7.364,92.325],[-92.325,-7.364],[7.364,-92.325],[92.325,7.364]],"v":[[167.169,13.334],[-13.334,167.169],[-167.169,-13.334],[13.334,-167.169]],"c":true},"ix":2},"nm":"Path 1","mn":"ADBE Vector Shape - Group","hd":false},{"ty":"fl","c":{"a":0,"k":[0.278431372549,0.564705882353,0.776470648074,1],"ix":4},"o":{"a":0,"k":100,"ix":5},"r":1,"bm":0,"nm":"Fill 1","mn":"ADBE Vector Graphic - Fill","hd":false},{"ty":"tr","p":{"a":0,"k":[551.695,768.652],"ix":2},"a":{"a":0,"k":[0,0],"ix":1},"s":{"a":0,"k":[100,100],"ix":3},"r":{"a":0,"k":0,"ix":6},"o":{"a":0,"k":100,"ix":7},"sk":{"a":0,"k":0,"ix":4},"sa":{"a":0,"k":0,"ix":5},"nm":"Transform"}],"nm":"Group 1","np":2,"cix":2,"bm":0,"ix":1,"mn":"ADBE Vector Group","hd":false}],"ip":2,"op":251,"st":-5,"bm":0}]}],"layers":[{"ddd":0,"ind":1,"ty":4,"nm":"Shape Layer 8","td":1,"sr":1,"ks":{"o":{"a":0,"k":100,"ix":11},"r":{"a":0,"k":0,"ix":10},"p":{"a":0,"k":[856.5,985,0],"ix":2,"l":2},"a":{"a":0,"k":[0,0,0],"ix":1,"l":2},"s":{"a":0,"k":[100,100,100],"ix":6,"l":2}},"ao":0,"ef":[{"ty":5,"nm":"Gaussian Blur (Legacy)","np":4,"mn":"ADBE Gaussian Blur","ix":1,"en":1,"ef":[{"ty":0,"nm":"Blurriness","mn":"ADBE Gaussian Blur-0001","ix":1,"v":{"a":0,"k":32.1,"ix":1}},{"ty":7,"nm":"Blur Dimensions","mn":"ADBE Gaussian Blur-0002","ix":2,"v":{"a":0,"k":1,"ix":2}}]}],"shapes":[{"ty":"gr","it":[{"ty":"rc","d":1,"s":{"a":0,"k":[1600,1880],"ix":2},"p":{"a":0,"k":[0,0],"ix":3},"r":{"a":0,"k":127,"ix":4},"nm":"Rectangle Path 1","mn":"ADBE Vector Shape - Rect","hd":false},{"ty":"fl","c":{"a":0,"k":[0.662745098039,0.478216074027,0.478216074027,1],"ix":4},"o":{"a":0,"k":100,"ix":5},"r":1,"bm":0,"nm":"Fill 1","mn":"ADBE Vector Graphic - Fill","hd":false},{"ty":"tr","p":{"a":0,"k":[-4.5,3],"ix":2},"a":{"a":0,"k":[0,0],"ix":1},"s":{"a":0,"k":[100,100],"ix":3},"r":{"a":0,"k":0,"ix":6},"o":{"a":0,"k":100,"ix":7},"sk":{"a":0,"k":0,"ix":4},"sa":{"a":0,"k":0,"ix":5},"nm":"Transform"}],"nm":"Rectangle 1","np":3,"cix":2,"bm":0,"ix":1,"mn":"ADBE Vector Group","hd":false}],"ip":0,"op":200,"st":0,"bm":0},{"ddd":0,"ind":2,"ty":0,"nm":"Pre-comp 2","tt":1,"refId":"comp_0","sr":1,"ks":{"o":{"a":0,"k":100,"ix":11},"r":{"a":0,"k":0,"ix":10},"p":{"a":0,"k":[856.5,985,0],"ix":2,"l":2},"a":{"a":0,"k":[856.5,985,0],"ix":1,"l":2},"s":{"a":0,"k":[100,100,100],"ix":6,"l":2}},"ao":0,"w":1713,"h":1970,"ip":0,"op":200,"st":0,"bm":0},{"ddd":0,"ind":3,"ty":4,"nm":"Shape Layer 5","td":1,"sr":1,"ks":{"o":{"a":0,"k":100,"ix":11},"r":{"a":0,"k":0,"ix":10},"p":{"a":0,"k":[856.5,985,0],"ix":2,"l":2},"a":{"a":0,"k":[0,0,0],"ix":1,"l":2},"s":{"a":0,"k":[100,100,100],"ix":6,"l":2}},"ao":0,"shapes":[{"ty":"gr","it":[{"ind":0,"ty":"sh","ix":1,"ks":{"a":0,"k":{"i":[[0,0],[0,0],[0,0],[0,0],[0,0],[0,0],[0,0],[0,0],[0,0]],"o":[[0,0],[0,0],[0,0],[0,0],[0,0],[0,0],[0,0],[0,0],[0,0]],"v":[[-660.5,-245],[471.5,-113],[459.5,-277],[-560.5,-425],[411.5,-489],[-384.05,-694.283],[-432.5,-801],[399.5,-649],[-100.5,-861]],"c":false},"ix":2},"nm":"Path 1","mn":"ADBE Vector Shape - Group","hd":false},{"ty":"st","c":{"a":0,"k":[1,1,1,1],"ix":3},"o":{"a":0,"k":100,"ix":4},"w":{"a":0,"k":196,"ix":5},"lc":1,"lj":1,"ml":4,"bm":0,"nm":"Stroke 1","mn":"ADBE Vector Graphic - Stroke","hd":false},{"ty":"tr","p":{"a":0,"k":[0,0],"ix":2},"a":{"a":0,"k":[0,0],"ix":1},"s":{"a":0,"k":[100,100],"ix":3},"r":{"a":0,"k":0,"ix":6},"o":{"a":0,"k":100,"ix":7},"sk":{"a":0,"k":0,"ix":4},"sa":{"a":0,"k":0,"ix":5},"nm":"Transform"}],"nm":"Shape 1","np":3,"cix":2,"bm":0,"ix":1,"mn":"ADBE Vector Group","hd":false},{"ty":"tm","s":{"a":0,"k":100,"ix":1},"e":{"a":1,"k":[{"i":{"x":[0.833],"y":[0.833]},"o":{"x":[0.167],"y":[0.167]},"t":83.35,"s":[0]},{"t":160.095703125,"s":[100]}],"ix":2},"o":{"a":0,"k":0,"ix":3},"m":1,"ix":2,"nm":"Trim Paths 1","mn":"ADBE Vector Filter - Trim","hd":false}],"ip":0,"op":200,"st":0,"bm":0},{"ddd":0,"ind":4,"ty":0,"nm":"soru","tt":1,"refId":"comp_1","sr":1,"ks":{"o":{"a":0,"k":100,"ix":11},"r":{"a":0,"k":0,"ix":10},"p":{"a":0,"k":[856.5,985,0],"ix":2,"l":2},"a":{"a":0,"k":[856.5,985,0],"ix":1,"l":2},"s":{"a":0,"k":[100,100,100],"ix":6,"l":2}},"ao":0,"w":1713,"h":1970,"ip":0,"op":200,"st":0,"bm":0},{"ddd":0,"ind":5,"ty":3,"nm":"Shape Layer 7: Path 1 [1.1.0]","cl":"1 0","sr":1,"ks":{"o":{"a":0,"k":0,"ix":11},"r":{"a":0,"k":0,"ix":10},"p":{"a":1,"k":[{"i":{"x":0.667,"y":1},"o":{"x":0.333,"y":0},"t":73,"s":[888.117,1024.824,0],"to":[-1.083,-1.917,0],"ti":[1.083,1.917,0]},{"i":{"x":0.667,"y":0.667},"o":{"x":0.333,"y":0.333},"t":91,"s":[881.617,1013.324,0],"to":[0,0,0],"ti":[0,0,0]},{"i":{"x":0.667,"y":1},"o":{"x":0.333,"y":0},"t":139,"s":[881.617,1013.324,0],"to":[1.083,1.917,0],"ti":[-1.083,-1.917,0]},{"t":164,"s":[888.117,1024.824,0]}],"ix":2,"l":2},"a":{"a":0,"k":[0,0,0],"ix":1,"l":2},"s":{"a":0,"k":[10,8.5,100],"ix":6,"l":2}},"ao":0,"ip":0,"op":200,"st":0,"bm":0},{"ddd":0,"ind":6,"ty":3,"nm":"Shape Layer 7: Path 1 [1.1.1]","cl":"1 1","sr":1,"ks":{"o":{"a":0,"k":0,"ix":11},"r":{"a":0,"k":0,"ix":10},"p":{"a":1,"k":[{"i":{"x":0.667,"y":1},"o":{"x":0.333,"y":0},"t":73,"s":[949.051,1025.324,0],"to":[-2,-4.333,0],"ti":[2,4.333,0]},{"i":{"x":0.667,"y":0.667},"o":{"x":0.333,"y":0.333},"t":91,"s":[937.051,999.324,0],"to":[0,0,0],"ti":[0,0,0]},{"i":{"x":0.667,"y":1},"o":{"x":0.333,"y":0},"t":139,"s":[937.051,999.324,0],"to":[2,4.333,0],"ti":[-2,-4.333,0]},{"t":164,"s":[949.051,1025.324,0]}],"ix":2,"l":2},"a":{"a":0,"k":[0,0,0],"ix":1,"l":2},"s":{"a":0,"k":[8.5,8.5,100],"ix":6,"l":2}},"ao":0,"ip":0,"op":200,"st":0,"bm":0},{"ddd":0,"ind":7,"ty":4,"nm":"Shape Layer 7","sr":1,"ks":{"o":{"a":0,"k":100,"ix":11},"r":{"a":0,"k":-4,"ix":10},"p":{"a":0,"k":[917.625,1018.525,0],"ix":2,"l":2},"a":{"a":0,"k":[-45.875,19.525,0],"ix":1,"l":2},"s":{"a":0,"k":[100,100,100],"ix":6,"l":2}},"ao":0,"ef":[{"ty":5,"nm":"Shape Layer 7: Path 1 [1.1.0]","np":3,"mn":"ADBE Layer Control","ix":1,"en":1,"ef":[{"ty":10,"nm":"Layer","mn":"ADBE Layer Control-0001","ix":1,"v":{"a":0,"k":5,"ix":1}}]},{"ty":5,"nm":"Shape Layer 7: Path 1 [1.1.1]","np":3,"mn":"ADBE Layer Control","ix":2,"en":1,"ef":[{"ty":10,"nm":"Layer","mn":"ADBE Layer Control-0001","ix":1,"v":{"a":0,"k":6,"ix":1}}]}],"shapes":[{"ty":"gr","it":[{"ind":0,"ty":"sh","ix":1,"ks":{"a":0,"k":{"i":[[0,0],[-30,-26.75]],"o":[[0,0],[20.293,18.095]],"v":[[-75.75,23.75],[-15,28.5]],"c":false},"ix":2,"x":"var $bm_rt;\nvar nullLayerNames = [\n    'Shape Layer 7: Path 1 [1.1.0]',\n    'Shape Layer 7: Path 1 [1.1.1]'\n];\nvar origPath = thisProperty;\nvar origPoints = origPath.points();\nvar origInTang = origPath.inTangents();\nvar origOutTang = origPath.outTangents();\nvar getNullLayers = [];\nfor (var i = 0, il = nullLayerNames.length; i < il; i++) {\n    try {\n        getNullLayers.push(effect(nullLayerNames[i])('ADBE Layer Control-0001'));\n    } catch (err) {\n        getNullLayers.push(null);\n    }\n}\nfor (var i = 0, il = getNullLayers.length; i < il; i++) {\n    if (getNullLayers[i] != null && getNullLayers[i].index != thisLayer.index) {\n        origPoints[i] = fromCompToSurface(getNullLayers[i].toComp(getNullLayers[i].anchorPoint));\n    }\n}\n$bm_rt = createPath(origPoints, origInTang, origOutTang, origPath.isClosed());"},"nm":"Path 1","mn":"ADBE Vector Shape - Group","hd":false},{"ty":"st","c":{"a":0,"k":[0.149019607843,0.141176470588,0.141176470588,1],"ix":3},"o":{"a":0,"k":100,"ix":4},"w":{"a":0,"k":7,"ix":5},"lc":2,"lj":2,"bm":0,"nm":"Stroke 1","mn":"ADBE Vector Graphic - Stroke","hd":false},{"ty":"tr","p":{"a":0,"k":[0,-0.25],"ix":2},"a":{"a":0,"k":[0,0],"ix":1},"s":{"a":0,"k":[100,99.057],"ix":3},"r":{"a":0,"k":0,"ix":6},"o":{"a":0,"k":100,"ix":7},"sk":{"a":0,"k":0,"ix":4},"sa":{"a":0,"k":0,"ix":5},"nm":"Transform"}],"nm":"Shape 1","np":3,"cix":2,"bm":0,"ix":1,"mn":"ADBE Vector Group","hd":false}],"ip":0,"op":200,"st":-28,"bm":0},{"ddd":0,"ind":8,"ty":3,"nm":"Shape Layer 2: Path 1 [1.1.0]","cl":"1 0","sr":1,"ks":{"o":{"a":0,"k":0,"ix":11},"r":{"a":0,"k":0,"ix":10},"p":{"a":1,"k":[{"i":{"x":0.667,"y":1},"o":{"x":0.333,"y":0},"t":73,"s":[783.125,1023,0],"to":[-1.25,-2.333,0],"ti":[1.25,2.333,0]},{"i":{"x":0.667,"y":0.667},"o":{"x":0.167,"y":0.167},"t":91,"s":[775.625,1009,0],"to":[0,0,0],"ti":[0,0,0]},{"i":{"x":0.833,"y":1},"o":{"x":0.167,"y":0},"t":139,"s":[775.625,1009,0],"to":[1.25,2.333,0],"ti":[-1.25,-2.333,0]},{"t":164,"s":[783.125,1023,0]}],"ix":2,"l":2},"a":{"a":0,"k":[0,0,0],"ix":1,"l":2},"s":{"a":0,"k":[6.5,6.5,100],"ix":6,"l":2}},"ao":0,"ip":0,"op":200,"st":-28,"bm":0},{"ddd":0,"ind":9,"ty":3,"nm":"Shape Layer 2: Path 1 [1.1.1]","cl":"1 1","sr":1,"ks":{"o":{"a":0,"k":0,"ix":11},"r":{"a":0,"k":0,"ix":10},"p":{"a":1,"k":[{"i":{"x":0.667,"y":1},"o":{"x":0.333,"y":0},"t":73,"s":[844,1025.25,0],"to":[-0.833,-2.25,0],"ti":[0.833,2.25,0]},{"i":{"x":0.667,"y":0.667},"o":{"x":0.167,"y":0.167},"t":91,"s":[839,1011.75,0],"to":[0,0,0],"ti":[0,0,0]},{"i":{"x":0.833,"y":1},"o":{"x":0.167,"y":0},"t":139,"s":[839,1011.75,0],"to":[0.833,2.25,0],"ti":[-0.833,-2.25,0]},{"t":164,"s":[844,1025.25,0]}],"ix":2,"l":2},"a":{"a":0,"k":[0,0,0],"ix":1,"l":2},"s":{"a":0,"k":[4.5,5,100],"ix":6,"l":2}},"ao":0,"ip":0,"op":200,"st":-28,"bm":0},{"ddd":0,"ind":10,"ty":4,"nm":"Shape Layer 2","sr":1,"ks":{"o":{"a":0,"k":100,"ix":11},"r":{"a":0,"k":0,"ix":10},"p":{"a":0,"k":[814.125,1018.525,0],"ix":2,"l":2},"a":{"a":0,"k":[-45.875,19.525,0],"ix":1,"l":2},"s":{"a":0,"k":[100,100,100],"ix":6,"l":2}},"ao":0,"ef":[{"ty":5,"nm":"Shape Layer 2: Path 1 [1.1.0]","np":3,"mn":"ADBE Layer Control","ix":1,"en":1,"ef":[{"ty":10,"nm":"Layer","mn":"ADBE Layer Control-0001","ix":1,"v":{"a":0,"k":8,"ix":1}}]},{"ty":5,"nm":"Shape Layer 2: Path 1 [1.1.1]","np":3,"mn":"ADBE Layer Control","ix":2,"en":1,"ef":[{"ty":10,"nm":"Layer","mn":"ADBE Layer Control-0001","ix":1,"v":{"a":0,"k":9,"ix":1}}]}],"shapes":[{"ty":"gr","it":[{"ind":0,"ty":"sh","ix":1,"ks":{"a":0,"k":{"i":[[0,0],[-30,-26.75]],"o":[[0,0],[20.293,18.095]],"v":[[-75.75,23.75],[-15,28.5]],"c":false},"ix":2,"x":"var $bm_rt;\nvar nullLayerNames = [\n    'Shape Layer 2: Path 1 [1.1.0]',\n    'Shape Layer 2: Path 1 [1.1.1]'\n];\nvar origPath = thisProperty;\nvar origPoints = origPath.points();\nvar origInTang = origPath.inTangents();\nvar origOutTang = origPath.outTangents();\nvar getNullLayers = [];\nfor (var i = 0, il = nullLayerNames.length; i < il; i++) {\n    try {\n        getNullLayers.push(effect(nullLayerNames[i])('ADBE Layer Control-0001'));\n    } catch (err) {\n        getNullLayers.push(null);\n    }\n}\nfor (var i = 0, il = getNullLayers.length; i < il; i++) {\n    if (getNullLayers[i] != null && getNullLayers[i].index != thisLayer.index) {\n        origPoints[i] = fromCompToSurface(getNullLayers[i].toComp(getNullLayers[i].anchorPoint));\n    }\n}\n$bm_rt = createPath(origPoints, origInTang, origOutTang, origPath.isClosed());"},"nm":"Path 1","mn":"ADBE Vector Shape - Group","hd":false},{"ty":"st","c":{"a":0,"k":[0.149019607843,0.141176470588,0.141176470588,1],"ix":3},"o":{"a":0,"k":100,"ix":4},"w":{"a":0,"k":7,"ix":5},"lc":2,"lj":2,"bm":0,"nm":"Stroke 1","mn":"ADBE Vector Graphic - Stroke","hd":false},{"ty":"tr","p":{"a":0,"k":[0,-0.25],"ix":2},"a":{"a":0,"k":[0,0],"ix":1},"s":{"a":0,"k":[100,99.057],"ix":3},"r":{"a":0,"k":0,"ix":6},"o":{"a":0,"k":100,"ix":7},"sk":{"a":0,"k":0,"ix":4},"sa":{"a":0,"k":0,"ix":5},"nm":"Transform"}],"nm":"Shape 1","np":3,"cix":2,"bm":0,"ix":1,"mn":"ADBE Vector Group","hd":false}],"ip":0,"op":200,"st":-28,"bm":0},{"ddd":0,"ind":11,"ty":4,"nm":"sol el","parent":12,"sr":1,"ks":{"o":{"a":0,"k":100,"ix":11},"r":{"a":1,"k":[{"i":{"x":[0.667],"y":[1]},"o":{"x":[0.333],"y":[0]},"t":11,"s":[43]},{"i":{"x":[0.667],"y":[1]},"o":{"x":[0.167],"y":[0]},"t":28,"s":[-11]},{"i":{"x":[0.833],"y":[1]},"o":{"x":[0.167],"y":[0]},"t":146.223,"s":[-11]},{"t":164,"s":[43]}],"ix":10},"p":{"a":0,"k":[626.928,1735.828,0],"ix":2,"l":2},"a":{"a":0,"k":[626.928,1735.828,0],"ix":1,"l":2},"s":{"a":0,"k":[100,100,100],"ix":6,"l":2}},"ao":0,"shapes":[{"ty":"gr","it":[{"ind":0,"ty":"sh","ix":1,"ks":{"a":0,"k":{"i":[[0,0],[0,0]],"o":[[0,0],[0,0]],"v":[[108.599,-67.938],[-108.6,67.938]],"c":false},"ix":2},"nm":"Path 1","mn":"ADBE Vector Shape - Group","hd":false},{"ty":"st","c":{"a":0,"k":[0.231372563979,0.341176470588,0.498039245605,1],"ix":3},"o":{"a":0,"k":100,"ix":4},"w":{"a":0,"k":3,"ix":5},"lc":2,"lj":1,"ml":10,"bm":0,"nm":"Stroke 1","mn":"ADBE Vector Graphic - Stroke","hd":false},{"ty":"tr","p":{"a":0,"k":[737.876,1590.067],"ix":2},"a":{"a":0,"k":[0,0],"ix":1},"s":{"a":0,"k":[100,100],"ix":3},"r":{"a":0,"k":0,"ix":6},"o":{"a":0,"k":100,"ix":7},"sk":{"a":0,"k":0,"ix":4},"sa":{"a":0,"k":0,"ix":5},"nm":"Transform"}],"nm":"Group 1","np":2,"cix":2,"bm":0,"ix":1,"mn":"ADBE Vector Group","hd":false},{"ty":"gr","it":[{"ind":0,"ty":"sh","ix":1,"ks":{"a":0,"k":{"i":[[0,0],[-15.464,-24.272],[-0.217,-12.328],[103.478,-60.73],[18.345,31.256],[-31.256,18.344]],"o":[[10.542,6.118],[18.44,28.94],[-103.478,60.73],[-31.256,18.344],[-18.344,-31.257],[0,0]],"v":[[117.086,-144.859],[162.685,-101.194],[183.516,-31.668],[-75.362,126.515],[-165.172,103.135],[-141.792,13.325]],"c":true},"ix":2},"nm":"Path 1","mn":"ADBE Vector Shape - Group","hd":false},{"ty":"fl","c":{"a":0,"k":[0.050980395897,0.129411764706,0.258823529412,1],"ix":4},"o":{"a":0,"k":100,"ix":5},"r":1,"bm":0,"nm":"Fill 1","mn":"ADBE Vector Graphic - Fill","hd":false},{"ty":"tr","p":{"a":0,"k":[737.418,1662.276],"ix":2},"a":{"a":0,"k":[0,0],"ix":1},"s":{"a":0,"k":[100,100],"ix":3},"r":{"a":0,"k":0,"ix":6},"o":{"a":0,"k":100,"ix":7},"sk":{"a":0,"k":0,"ix":4},"sa":{"a":0,"k":0,"ix":5},"nm":"Transform"}],"nm":"Group 2","np":2,"cix":2,"bm":0,"ix":2,"mn":"ADBE Vector Group","hd":false},{"ty":"gr","it":[{"ind":0,"ty":"sh","ix":1,"ks":{"a":0,"k":{"i":[[0,0],[0,0]],"o":[[0,0],[0,0]],"v":[[20.737,-15.032],[-20.738,15.033]],"c":false},"ix":2},"nm":"Path 1","mn":"ADBE Vector Shape - Group","hd":false},{"ty":"st","c":{"a":0,"k":[0.776470648074,0.427451010311,0.345098039216,1],"ix":3},"o":{"a":0,"k":100,"ix":4},"w":{"a":0,"k":1,"ix":5},"lc":2,"lj":1,"ml":10,"bm":0,"nm":"Stroke 1","mn":"ADBE Vector Graphic - Stroke","hd":false},{"ty":"tr","p":{"a":0,"k":[946.441,1463.108],"ix":2},"a":{"a":0,"k":[0,0],"ix":1},"s":{"a":0,"k":[100,100],"ix":3},"r":{"a":0,"k":0,"ix":6},"o":{"a":0,"k":100,"ix":7},"sk":{"a":0,"k":0,"ix":4},"sa":{"a":0,"k":0,"ix":5},"nm":"Transform"}],"nm":"Group 3","np":2,"cix":2,"bm":0,"ix":3,"mn":"ADBE Vector Group","hd":false},{"ty":"gr","it":[{"ind":0,"ty":"sh","ix":1,"ks":{"a":0,"k":{"i":[[0,0],[0,0]],"o":[[0,0],[0,0]],"v":[[8.677,-5.572],[-8.677,5.572]],"c":false},"ix":2},"nm":"Path 1","mn":"ADBE Vector Shape - Group","hd":false},{"ty":"st","c":{"a":0,"k":[0.776470648074,0.427451010311,0.345098039216,1],"ix":3},"o":{"a":0,"k":100,"ix":4},"w":{"a":0,"k":1,"ix":5},"lc":2,"lj":1,"ml":10,"bm":0,"nm":"Stroke 1","mn":"ADBE Vector Graphic - Stroke","hd":false},{"ty":"tr","p":{"a":0,"k":[1020.979,1507.186],"ix":2},"a":{"a":0,"k":[0,0],"ix":1},"s":{"a":0,"k":[100,100],"ix":3},"r":{"a":0,"k":0,"ix":6},"o":{"a":0,"k":100,"ix":7},"sk":{"a":0,"k":0,"ix":4},"sa":{"a":0,"k":0,"ix":5},"nm":"Transform"}],"nm":"Group 4","np":2,"cix":2,"bm":0,"ix":4,"mn":"ADBE Vector Group","hd":false},{"ty":"gr","it":[{"ind":0,"ty":"sh","ix":1,"ks":{"a":0,"k":{"i":[[0,0],[0,0]],"o":[[0,0],[0,0]],"v":[[12.463,-7.881],[-12.463,7.881]],"c":false},"ix":2},"nm":"Path 1","mn":"ADBE Vector Shape - Group","hd":false},{"ty":"st","c":{"a":0,"k":[0.776470648074,0.427451010311,0.345098039216,1],"ix":3},"o":{"a":0,"k":100,"ix":4},"w":{"a":0,"k":1,"ix":5},"lc":2,"lj":1,"ml":10,"bm":0,"nm":"Stroke 1","mn":"ADBE Vector Graphic - Stroke","hd":false},{"ty":"tr","p":{"a":0,"k":[1007.093,1486.23],"ix":2},"a":{"a":0,"k":[0,0],"ix":1},"s":{"a":0,"k":[100,100],"ix":3},"r":{"a":0,"k":0,"ix":6},"o":{"a":0,"k":100,"ix":7},"sk":{"a":0,"k":0,"ix":4},"sa":{"a":0,"k":0,"ix":5},"nm":"Transform"}],"nm":"Group 5","np":2,"cix":2,"bm":0,"ix":5,"mn":"ADBE Vector Group","hd":false},{"ty":"gr","it":[{"ind":0,"ty":"sh","ix":1,"ks":{"a":0,"k":{"i":[[0,0],[0,0]],"o":[[0,0],[0,0]],"v":[[14.99,-9.269],[-14.99,9.269]],"c":false},"ix":2},"nm":"Path 1","mn":"ADBE Vector Shape - Group","hd":false},{"ty":"st","c":{"a":0,"k":[0.776470648074,0.427451010311,0.345098039216,1],"ix":3},"o":{"a":0,"k":100,"ix":4},"w":{"a":0,"k":1,"ix":5},"lc":2,"lj":1,"ml":10,"bm":0,"nm":"Stroke 1","mn":"ADBE Vector Graphic - Stroke","hd":false},{"ty":"tr","p":{"a":0,"k":[991.76,1463.284],"ix":2},"a":{"a":0,"k":[0,0],"ix":1},"s":{"a":0,"k":[100,100],"ix":3},"r":{"a":0,"k":0,"ix":6},"o":{"a":0,"k":100,"ix":7},"sk":{"a":0,"k":0,"ix":4},"sa":{"a":0,"k":0,"ix":5},"nm":"Transform"}],"nm":"Group 6","np":2,"cix":2,"bm":0,"ix":6,"mn":"ADBE Vector Group","hd":false},{"ty":"gr","it":[{"ind":0,"ty":"sh","ix":1,"ks":{"a":0,"k":{"i":[[0,0],[0,0],[0,0],[-5.251,4.859],[0,0],[-4.919,2.786],[0,0],[-5.623,-0.846],[0,0],[0,0],[0,0],[0,0],[0,0],[0,0],[-5.609,3.705],[-3.95,-3.094],[-1.059,-1.493],[-0.352,-2.391],[3.75,-2.474],[0,0],[0,0],[0,0],[0,0],[0,0],[-5.125,3.31],[-4.221,-5.948],[0.262,-1.187],[0,0],[-3.196,-4.813],[1.609,-4.459],[-2.715,-4.088],[-0.381,-0.672],[5.56,-3.591],[0,0],[0,0],[17.757,-10.721],[14.801,-4.351],[0.002,0.003]],"o":[[0,0],[0,0],[4.822,-4.737],[0,0],[2.172,-5.219],[0,0],[4.947,-2.802],[0,0],[0,0],[0,0],[0,0],[0,0],[0,0],[5.609,-3.705],[4.187,-2.766],[1.219,0.955],[1.809,2.55],[0.655,4.444],[0,0],[0,0],[0,0],[0,0],[0,0],[5.125,-3.31],[1.423,0.295],[4.822,6.797],[0,0],[2.438,1.641],[3.228,4.861],[2.368,1.745],[0.454,0.684],[3.266,5.757],[0,0],[0,0],[-10.112,9.82],[-20.492,12.373],[-0.002,-0.003],[0,0]],"v":[[-64.518,108.633],[-112.93,33.679],[-38.169,-23.897],[-23.061,-38.3],[-13.599,-61.033],[-2.658,-73.384],[14.467,-83.083],[30.78,-86.102],[33.815,-85.645],[36.913,-87.99],[37.126,-88.154],[37.15,-88.175],[37.207,-88.205],[47.1,-94.751],[63.927,-105.867],[77.568,-105.371],[81.042,-101.728],[84.068,-94.137],[78.891,-82.814],[77.685,-82.019],[61.173,-71.102],[59.874,-70.243],[59.964,-70.096],[59.966,-70.093],[75.341,-80.023],[87.173,-72.334],[89.136,-56.683],[88.355,-56.169],[97.719,-46.753],[100.233,-31.808],[108.412,-23.23],[109.663,-21.194],[105.578,-4.545],[101.684,-2.03],[101.698,-2.007],[60.073,30.115],[5.603,54.066],[5.597,54.056]],"c":true},"ix":2},"nm":"Path 1","mn":"ADBE Vector Shape - Group","hd":false},{"ty":"fl","c":{"a":0,"k":[0.913725550034,0.505882352941,0.392156892664,1],"ix":4},"o":{"a":0,"k":100,"ix":5},"r":1,"bm":0,"nm":"Fill 1","mn":"ADBE Vector Graphic - Fill","hd":false},{"ty":"tr","p":{"a":0,"k":[931.355,1533.651],"ix":2},"a":{"a":0,"k":[0,0],"ix":1},"s":{"a":0,"k":[100,100],"ix":3},"r":{"a":0,"k":0,"ix":6},"o":{"a":0,"k":100,"ix":7},"sk":{"a":0,"k":0,"ix":4},"sa":{"a":0,"k":0,"ix":5},"nm":"Transform"}],"nm":"Group 7","np":2,"cix":2,"bm":0,"ix":7,"mn":"ADBE Vector Group","hd":false}],"ip":0,"op":200,"st":-28,"bm":0},{"ddd":0,"ind":12,"ty":4,"nm":"sol kol","sr":1,"ks":{"o":{"a":0,"k":100,"ix":11},"r":{"a":1,"k":[{"i":{"x":[0.667],"y":[1]},"o":{"x":[0.333],"y":[0]},"t":11,"s":[-4]},{"i":{"x":[0.667],"y":[1]},"o":{"x":[0.167],"y":[0]},"t":28,"s":[-41]},{"i":{"x":[0.833],"y":[1]},"o":{"x":[0.167],"y":[0]},"t":146.223,"s":[-41]},{"t":164,"s":[-4]}],"ix":10},"p":{"a":0,"k":[646.627,1428.75,0],"ix":2,"l":2},"a":{"a":0,"k":[652.627,1428.75,0],"ix":1,"l":2},"s":{"a":0,"k":[100,100,100],"ix":6,"l":2}},"ao":0,"shapes":[{"ty":"gr","it":[{"ind":0,"ty":"sh","ix":1,"ks":{"a":0,"k":{"i":[[0,0],[0,0]],"o":[[0,0],[0,0]],"v":[[11.585,-148.49],[-11.585,148.49]],"c":false},"ix":2},"nm":"Path 1","mn":"ADBE Vector Shape - Group","hd":false},{"ty":"st","c":{"a":0,"k":[0.231372563979,0.341176470588,0.498039245605,1],"ix":3},"o":{"a":0,"k":100,"ix":4},"w":{"a":0,"k":3,"ix":5},"lc":2,"lj":1,"ml":10,"bm":0,"nm":"Stroke 1","mn":"ADBE Vector Graphic - Stroke","hd":false},{"ty":"tr","p":{"a":0,"k":[703.535,1596.463],"ix":2},"a":{"a":0,"k":[0,0],"ix":1},"s":{"a":0,"k":[100,100],"ix":3},"r":{"a":0,"k":0,"ix":6},"o":{"a":0,"k":100,"ix":7},"sk":{"a":0,"k":0,"ix":4},"sa":{"a":0,"k":0,"ix":5},"nm":"Transform"}],"nm":"Group 1","np":2,"cix":2,"bm":0,"ix":1,"mn":"ADBE Vector Group","hd":false},{"ty":"gr","it":[{"ind":0,"ty":"sh","ix":1,"ks":{"a":0,"k":{"i":[[-36.135,-2.78],[0,0],[2.781,-36.135],[0,0],[36.135,2.781],[0,0],[-2.78,36.135],[0,0]],"o":[[0,0],[36.135,2.78],[0,0],[-2.78,36.135],[0,0],[-36.135,-2.78],[0,0],[2.78,-36.135]],"v":[[16.323,-212.158],[16.323,-212.158],[76.717,-141.696],[54.139,151.763],[-16.323,212.157],[-16.324,212.157],[-76.718,141.695],[-54.139,-151.764]],"c":true},"ix":2},"nm":"Path 1","mn":"ADBE Vector Shape - Group","hd":false},{"ty":"fl","c":{"a":0,"k":[0.050980395897,0.129411764706,0.258823529412,1],"ix":4},"o":{"a":0,"k":100,"ix":5},"r":1,"bm":0,"nm":"Fill 1","mn":"ADBE Vector Graphic - Fill","hd":false},{"ty":"tr","p":{"a":0,"k":[638.628,1586.75],"ix":2},"a":{"a":0,"k":[0,0],"ix":1},"s":{"a":0,"k":[100,100],"ix":3},"r":{"a":0,"k":0,"ix":6},"o":{"a":0,"k":100,"ix":7},"sk":{"a":0,"k":0,"ix":4},"sa":{"a":0,"k":0,"ix":5},"nm":"Transform"}],"nm":"Group 2","np":2,"cix":2,"bm":0,"ix":2,"mn":"ADBE Vector Group","hd":false}],"ip":0,"op":200,"st":-28,"bm":0},{"ddd":0,"ind":13,"ty":4,"nm":"saÃÂ el","parent":14,"sr":1,"ks":{"o":{"a":0,"k":100,"ix":11},"r":{"a":0,"k":0,"ix":10},"p":{"a":0,"k":[1113.579,1760.512,0],"ix":2,"l":2},"a":{"a":0,"k":[1113.579,1760.512,0],"ix":1,"l":2},"s":{"a":0,"k":[100,100,100],"ix":6,"l":2}},"ao":0,"shapes":[{"ty":"gr","it":[{"ind":0,"ty":"sh","ix":1,"ks":{"a":0,"k":{"i":[[0,0],[0,0],[-9.046,0.753],[-9.188,0.155]],"o":[[0,0],[8.141,-1.163],[10.234,-0.852],[0,0]],"v":[[-121.765,9.905],[63.885,-6.139],[89.683,-9.052],[121.765,-9.052]],"c":false},"ix":2},"nm":"Path 1","mn":"ADBE Vector Shape - Group","hd":false},{"ty":"st","c":{"a":0,"k":[0.231372563979,0.341176470588,0.498039245605,1],"ix":3},"o":{"a":0,"k":100,"ix":4},"w":{"a":0,"k":3,"ix":5},"lc":2,"lj":1,"ml":10,"bm":0,"nm":"Stroke 1","mn":"ADBE Vector Graphic - Stroke","hd":false},{"ty":"tr","p":{"a":0,"k":[980.427,1708.969],"ix":2},"a":{"a":0,"k":[0,0],"ix":1},"s":{"a":0,"k":[100,100],"ix":3},"r":{"a":0,"k":0,"ix":6},"o":{"a":0,"k":100,"ix":7},"sk":{"a":0,"k":0,"ix":4},"sa":{"a":0,"k":0,"ix":5},"nm":"Transform"}],"nm":"Group 1","np":2,"cix":2,"bm":0,"ix":1,"mn":"ADBE Vector Group","hd":false},{"ty":"gr","it":[{"ind":0,"ty":"sh","ix":1,"ks":{"a":0,"k":{"i":[[0,0],[0,0]],"o":[[0,0],[0,0]],"v":[[-25.574,1.417],[25.574,-1.417]],"c":false},"ix":2},"nm":"Path 1","mn":"ADBE Vector Shape - Group","hd":false},{"ty":"st","c":{"a":0,"k":[0.776470648074,0.427451010311,0.345098039216,1],"ix":3},"o":{"a":0,"k":100,"ix":4},"w":{"a":0,"k":1,"ix":5},"lc":2,"lj":1,"ml":10,"bm":0,"nm":"Stroke 1","mn":"ADBE Vector Graphic - Stroke","hd":false},{"ty":"tr","p":{"a":0,"k":[755.089,1751.786],"ix":2},"a":{"a":0,"k":[0,0],"ix":1},"s":{"a":0,"k":[100,100],"ix":3},"r":{"a":0,"k":0,"ix":6},"o":{"a":0,"k":100,"ix":7},"sk":{"a":0,"k":0,"ix":4},"sa":{"a":0,"k":0,"ix":5},"nm":"Transform"}],"nm":"Group 2","np":2,"cix":2,"bm":0,"ix":2,"mn":"ADBE Vector Group","hd":false},{"ty":"gr","it":[{"ind":0,"ty":"sh","ix":1,"ks":{"a":0,"k":{"i":[[0,0],[0,0]],"o":[[0,0],[0,0]],"v":[[-10.247,1.15],[10.247,-1.15]],"c":false},"ix":2},"nm":"Path 1","mn":"ADBE Vector Shape - Group","hd":false},{"ty":"st","c":{"a":0,"k":[0.776470648074,0.427451010311,0.345098039216,1],"ix":3},"o":{"a":0,"k":100,"ix":4},"w":{"a":0,"k":1,"ix":5},"lc":2,"lj":1,"ml":10,"bm":0,"nm":"Stroke 1","mn":"ADBE Vector Graphic - Stroke","hd":false},{"ty":"tr","p":{"a":0,"k":[722.682,1834.697],"ix":2},"a":{"a":0,"k":[0,0],"ix":1},"s":{"a":0,"k":[100,100],"ix":3},"r":{"a":0,"k":0,"ix":6},"o":{"a":0,"k":100,"ix":7},"sk":{"a":0,"k":0,"ix":4},"sa":{"a":0,"k":0,"ix":5},"nm":"Transform"}],"nm":"Group 3","np":2,"cix":2,"bm":0,"ix":3,"mn":"ADBE Vector Group","hd":false},{"ty":"gr","it":[{"ind":0,"ty":"sh","ix":1,"ks":{"a":0,"k":{"i":[[0,0],[0,0]],"o":[[0,0],[0,0]],"v":[[-14.642,1.747],[14.642,-1.747]],"c":false},"ix":2},"nm":"Path 1","mn":"ADBE Vector Shape - Group","hd":false},{"ty":"st","c":{"a":0,"k":[0.776470648074,0.427451010311,0.345098039216,1],"ix":3},"o":{"a":0,"k":100,"ix":4},"w":{"a":0,"k":1,"ix":5},"lc":2,"lj":1,"ml":10,"bm":0,"nm":"Stroke 1","mn":"ADBE Vector Graphic - Stroke","hd":false},{"ty":"tr","p":{"a":0,"k":[720.58,1807.644],"ix":2},"a":{"a":0,"k":[0,0],"ix":1},"s":{"a":0,"k":[100,100],"ix":3},"r":{"a":0,"k":0,"ix":6},"o":{"a":0,"k":100,"ix":7},"sk":{"a":0,"k":0,"ix":4},"sa":{"a":0,"k":0,"ix":5},"nm":"Transform"}],"nm":"Group 4","np":2,"cix":2,"bm":0,"ix":4,"mn":"ADBE Vector Group","hd":false},{"ty":"gr","it":[{"ind":0,"ty":"sh","ix":1,"ks":{"a":0,"k":{"i":[[0,0],[0,0]],"o":[[0,0],[0,0]],"v":[[-17.478,2.263],[17.478,-2.264]],"c":false},"ix":2},"nm":"Path 1","mn":"ADBE Vector Shape - Group","hd":false},{"ty":"st","c":{"a":0,"k":[0.776470648074,0.427451010311,0.345098039216,1],"ix":3},"o":{"a":0,"k":100,"ix":4},"w":{"a":0,"k":1,"ix":5},"lc":2,"lj":1,"ml":10,"bm":0,"nm":"Stroke 1","mn":"ADBE Vector Graphic - Stroke","hd":false},{"ty":"tr","p":{"a":0,"k":[720.036,1780.51],"ix":2},"a":{"a":0,"k":[0,0],"ix":1},"s":{"a":0,"k":[100,100],"ix":3},"r":{"a":0,"k":0,"ix":6},"o":{"a":0,"k":100,"ix":7},"sk":{"a":0,"k":0,"ix":4},"sa":{"a":0,"k":0,"ix":5},"nm":"Transform"}],"nm":"Group 5","np":2,"cix":2,"bm":0,"ix":5,"mn":"ADBE Vector Group","hd":false},{"ty":"gr","it":[{"ind":0,"ty":"sh","ix":1,"ks":{"a":0,"k":{"i":[[1.166,10.638],[2.076,19.434],[-2.045,13.508],[-4.909,6.117],[-5.319,0.583],[0,0],[-3.949,-36.026],[36.026,-3.948],[0,0]],"o":[[-4.377,-12.193],[-2.262,-21.187],[-0.14,-1.283],[3.104,-3.868],[0,0],[36.026,-3.948],[3.948,36.026],[0,0],[-10.638,1.166]],"v":[[-155.79,65.563],[-166.766,17.73],[-165.602,-35.121],[-161.453,-49.359],[-148.451,-56.494],[92.7,-79.932],[165.08,-21.849],[106.997,50.531],[-134.417,82.714]],"c":true},"ix":2},"nm":"Path 1","mn":"ADBE Vector Shape - Group","hd":false},{"ty":"fl","c":{"a":0,"k":[0.050980395897,0.129411764706,0.258823529412,1],"ix":4},"o":{"a":0,"k":100,"ix":5},"r":1,"bm":0,"nm":"Fill 1","mn":"ADBE Vector Graphic - Fill","hd":false},{"ty":"tr","p":{"a":0,"k":[1006.667,1776.002],"ix":2},"a":{"a":0,"k":[0,0],"ix":1},"s":{"a":0,"k":[100,100],"ix":3},"r":{"a":0,"k":0,"ix":6},"o":{"a":0,"k":100,"ix":7},"sk":{"a":0,"k":0,"ix":4},"sa":{"a":0,"k":0,"ix":5},"nm":"Transform"}],"nm":"Group 6","np":2,"cix":2,"bm":0,"ix":6,"mn":"ADBE Vector Group","hd":false},{"ty":"gr","it":[{"ind":0,"ty":"sh","ix":1,"ks":{"a":0,"k":{"i":[[0,0],[0,0],[0,0],[7.139,0.458],[0,0],[5.574,-0.941],[0,0],[3.829,-4.204],[0,0],[0,0],[0,0],[0,0],[0,0],[0,0],[6.69,-0.663],[1.113,-4.893],[-0.12,-1.826],[-1.235,-2.077],[-4.47,0.446],[0,0],[0,0],[0,0],[0,0],[0,0],[6.064,-0.664],[-0.477,-7.278],[-0.953,-0.755],[0,0],[-0.555,-5.751],[-4.062,-2.444],[-0.472,-4.885],[-0.128,-0.762],[-6.579,0.721],[0,0],[0,0],[-20.541,2.882],[-14.229,5.961],[0.001,0.003]],"o":[[0,0],[0,0],[-6.73,-0.633],[0,0],[-4.978,-2.679],[0,0],[-5.606,0.947],[0,0],[0,0],[0,0],[0,0],[0,0],[0,0],[-6.69,0.663],[-4.994,0.496],[-0.343,1.51],[0.205,3.12],[2.296,3.862],[0,0],[0,0],[0,0],[0,0],[0,0],[-6.064,0.664],[-0.919,1.127],[0.546,8.316],[0,0],[-0.856,2.811],[0.562,5.808],[-0.737,2.848],[0.079,0.817],[1.098,6.527],[0,0],[0,0],[14.041,1.24],[23.706,-3.327],[-0.001,-0.004],[0,0]],"v":[[150.457,27.402],[140.737,-61.296],[-8.74,-44.915],[-29.549,-46.559],[-51.231,-58.229],[-67.512,-60.911],[-86.918,-57.634],[-101.48,-49.685],[-103.547,-47.416],[-107.43,-47.281],[-107.699,-47.274],[-107.73,-47.275],[-107.794,-47.263],[-119.599,-46.101],[-139.668,-44.112],[-149.94,-35.121],[-150.337,-30.104],[-147.896,-22.305],[-136.736,-16.785],[-135.298,-16.929],[-115.601,-18.874],[-114.051,-19.027],[-114.028,-18.856],[-114.028,-18.852],[-132.221,-16.859],[-136.552,-3.428],[-128.201,9.954],[-127.272,9.86],[-128.597,23.073],[-121.12,36.255],[-122.056,48.071],[-121.742,50.44],[-108.07,60.782],[-103.462,60.277],[-103.458,60.303],[-50.897,58.97],[6.477,43.192],[6.475,43.181]],"c":true},"ix":2},"nm":"Path 1","mn":"ADBE Vector Shape - Group","hd":false},{"ty":"fl","c":{"a":0,"k":[0.913725550034,0.505882352941,0.392156892664,1],"ix":4},"o":{"a":0,"k":100,"ix":5},"r":1,"bm":0,"nm":"Fill 1","mn":"ADBE Vector Graphic - Fill","hd":false},{"ty":"tr","p":{"a":0,"k":[833.388,1800.144],"ix":2},"a":{"a":0,"k":[0,0],"ix":1},"s":{"a":0,"k":[100,100],"ix":3},"r":{"a":0,"k":0,"ix":6},"o":{"a":0,"k":100,"ix":7},"sk":{"a":0,"k":0,"ix":4},"sa":{"a":0,"k":0,"ix":5},"nm":"Transform"}],"nm":"Group 7","np":2,"cix":2,"bm":0,"ix":7,"mn":"ADBE Vector Group","hd":false}],"ip":0,"op":200,"st":0,"bm":0},{"ddd":0,"ind":14,"ty":4,"nm":"saÃÂ kol","sr":1,"ks":{"o":{"a":0,"k":100,"ix":11},"r":{"a":0,"k":0,"ix":10},"p":{"a":0,"k":[1109.203,1444.764,0],"ix":2,"l":2},"a":{"a":0,"k":[1109.203,1444.764,0],"ix":1,"l":2},"s":{"a":0,"k":[100,100,100],"ix":6,"l":2}},"ao":0,"shapes":[{"ty":"gr","it":[{"ind":0,"ty":"sh","ix":1,"ks":{"a":0,"k":{"i":[[0,0],[0,0]],"o":[[0,0],[0,0]],"v":[[0.139,-126.861],[-0.139,126.861]],"c":false},"ix":2},"nm":"Path 1","mn":"ADBE Vector Shape - Group","hd":false},{"ty":"st","c":{"a":0,"k":[0.231372563979,0.341176470588,0.498039245605,1],"ix":3},"o":{"a":0,"k":100,"ix":4},"w":{"a":0,"k":3,"ix":5},"lc":2,"lj":1,"ml":10,"bm":0,"nm":"Stroke 1","mn":"ADBE Vector Graphic - Stroke","hd":false},{"ty":"tr","p":{"a":0,"k":[1043.099,1574.834],"ix":2},"a":{"a":0,"k":[0,0],"ix":1},"s":{"a":0,"k":[100,100],"ix":3},"r":{"a":0,"k":0,"ix":6},"o":{"a":0,"k":100,"ix":7},"sk":{"a":0,"k":0,"ix":4},"sa":{"a":0,"k":0,"ix":5},"nm":"Transform"}],"nm":"Group 1","np":2,"cix":2,"bm":0,"ix":1,"mn":"ADBE Vector Group","hd":false},{"ty":"gr","it":[{"ind":0,"ty":"sh","ix":1,"ks":{"a":0,"k":{"i":[[36.242,0.03],[0,0],[-0.03,36.242],[0,0],[-36.242,-0.031],[0.031,-36.241],[0,0]],"o":[[0,0],[-36.242,-0.03],[0,0],[0.03,-36.242],[36.242,0.03],[0,0],[-0.031,36.242]],"v":[[-0.187,221.69],[-0.187,221.69],[-65.754,156.013],[-65.491,-156.122],[0.186,-221.688],[65.752,-156.012],[65.49,156.123]],"c":true},"ix":2},"nm":"Path 1","mn":"ADBE Vector Shape - Group","hd":false},{"ty":"fl","c":{"a":0,"k":[0.050980395897,0.129411764706,0.258823529412,1],"ix":4},"o":{"a":0,"k":100,"ix":5},"r":1,"bm":0,"nm":"Fill 1","mn":"ADBE Vector Graphic - Fill","hd":false},{"ty":"tr","p":{"a":0,"k":[1107.204,1606.764],"ix":2},"a":{"a":0,"k":[0,0],"ix":1},"s":{"a":0,"k":[100,100],"ix":3},"r":{"a":0,"k":0,"ix":6},"o":{"a":0,"k":100,"ix":7},"sk":{"a":0,"k":0,"ix":4},"sa":{"a":0,"k":0,"ix":5},"nm":"Transform"}],"nm":"Group 2","np":2,"cix":2,"bm":0,"ix":2,"mn":"ADBE Vector Group","hd":false}],"ip":0,"op":200,"st":0,"bm":0},{"ddd":0,"ind":15,"ty":4,"nm":"sol gÃÂ¶z","parent":20,"sr":1,"ks":{"o":{"a":0,"k":100,"ix":11},"r":{"a":0,"k":0,"ix":10},"p":{"a":1,"k":[{"i":{"x":0.667,"y":1},"o":{"x":0.333,"y":0},"t":73,"s":[815.405,1038.249,0],"to":[-1.333,-2.167,0],"ti":[1.333,2.167,0]},{"i":{"x":0.667,"y":0.667},"o":{"x":0.167,"y":0.167},"t":91,"s":[807.405,1025.249,0],"to":[0,0,0],"ti":[0,0,0]},{"i":{"x":0.833,"y":1},"o":{"x":0.167,"y":0},"t":146.223,"s":[807.405,1025.249,0],"to":[1.333,2.167,0],"ti":[-1.333,-2.167,0]},{"t":164.22265625,"s":[815.405,1038.249,0]}],"ix":2,"l":2},"a":{"a":0,"k":[815.405,1038.249,0],"ix":1,"l":2},"s":{"a":0,"k":[100,100,100],"ix":6,"l":2}},"ao":0,"shapes":[{"ty":"gr","it":[{"ind":0,"ty":"sh","ix":1,"ks":{"a":0,"k":{"i":[[-0.088,-6.009],[6.008,-0.088],[0.088,6.009],[-6.008,0.087]],"o":[[0.088,6.009],[-6.009,0.087],[-0.088,-6.008],[6.009,-0.088]],"v":[[10.88,-0.159],[0.159,10.88],[-10.88,0.159],[-0.159,-10.879]],"c":true},"ix":2},"nm":"Path 1","mn":"ADBE Vector Shape - Group","hd":false},{"ty":"fl","c":{"a":0,"k":[0,0,0,1],"ix":4},"o":{"a":0,"k":100,"ix":5},"r":1,"bm":0,"nm":"Fill 1","mn":"ADBE Vector Graphic - Fill","hd":false},{"ty":"tr","p":{"a":0,"k":[815.405,1038.248],"ix":2},"a":{"a":0,"k":[0,0],"ix":1},"s":{"a":0,"k":[100,100],"ix":3},"r":{"a":0,"k":0,"ix":6},"o":{"a":0,"k":100,"ix":7},"sk":{"a":0,"k":0,"ix":4},"sa":{"a":0,"k":0,"ix":5},"nm":"Transform"}],"nm":"Group 1","np":2,"cix":2,"bm":0,"ix":1,"mn":"ADBE Vector Group","hd":false}],"ip":0,"op":200,"st":-28,"bm":0},{"ddd":0,"ind":16,"ty":4,"nm":"saÃÂ gÃÂ¶z","parent":20,"sr":1,"ks":{"o":{"a":0,"k":100,"ix":11},"r":{"a":0,"k":0,"ix":10},"p":{"a":1,"k":[{"i":{"x":0.667,"y":1},"o":{"x":0.333,"y":0},"t":73,"s":[917.672,1038.248,0],"to":[-1.083,-2,0],"ti":[1.083,2,0]},{"i":{"x":0.667,"y":0.667},"o":{"x":0.167,"y":0.167},"t":91,"s":[911.172,1026.248,0],"to":[0,0,0],"ti":[0,0,0]},{"i":{"x":0.833,"y":1},"o":{"x":0.167,"y":0},"t":146.223,"s":[911.172,1026.248,0],"to":[1.083,2,0],"ti":[-1.083,-2,0]},{"t":164,"s":[917.672,1038.248,0]}],"ix":2,"l":2},"a":{"a":0,"k":[925.672,1038.248,0],"ix":1,"l":2},"s":{"a":0,"k":[100,100,100],"ix":6,"l":2}},"ao":0,"shapes":[{"ty":"gr","it":[{"ind":0,"ty":"sh","ix":1,"ks":{"a":0,"k":{"i":[[0,-6.009],[6.01,0],[0,6.009],[-6.009,0]],"o":[[0,6.009],[-6.009,0],[0,-6.009],[6.01,0]],"v":[[10.881,0],[0,10.881],[-10.88,0],[0,-10.881]],"c":true},"ix":2},"nm":"Path 1","mn":"ADBE Vector Shape - Group","hd":false},{"ty":"fl","c":{"a":0,"k":[0,0,0,1],"ix":4},"o":{"a":0,"k":100,"ix":5},"r":1,"bm":0,"nm":"Fill 1","mn":"ADBE Vector Graphic - Fill","hd":false},{"ty":"tr","p":{"a":0,"k":[925.672,1038.248],"ix":2},"a":{"a":0,"k":[0,0],"ix":1},"s":{"a":0,"k":[100,100],"ix":3},"r":{"a":0,"k":0,"ix":6},"o":{"a":0,"k":100,"ix":7},"sk":{"a":0,"k":0,"ix":4},"sa":{"a":0,"k":0,"ix":5},"nm":"Transform"}],"nm":"Group 1","np":2,"cix":2,"bm":0,"ix":1,"mn":"ADBE Vector Group","hd":false}],"ip":0,"op":200,"st":-28,"bm":0},{"ddd":0,"ind":17,"ty":3,"nm":"Shape Layer 1: Path 1 [1.1.0]","cl":"1 0","sr":1,"ks":{"o":{"a":0,"k":0,"ix":11},"r":{"a":0,"k":38,"ix":10},"p":{"a":1,"k":[{"i":{"x":0.667,"y":1},"o":{"x":0.333,"y":0},"t":73,"s":[829.5,1169.75,0],"to":[6.792,0.333,0],"ti":[-6.792,-0.333,0]},{"i":{"x":0.667,"y":0.667},"o":{"x":0.333,"y":0.333},"t":91,"s":[870.25,1171.75,0],"to":[0,0,0],"ti":[0,0,0]},{"i":{"x":0.667,"y":1},"o":{"x":0.333,"y":0},"t":146.223,"s":[870.25,1171.75,0],"to":[-6.792,-0.333,0],"ti":[6.792,0.333,0]},{"t":164,"s":[829.5,1169.75,0]}],"ix":2,"l":2},"a":{"a":0,"k":[0,0,0],"ix":1,"l":2},"s":{"a":0,"k":[4.75,4,100],"ix":6,"l":2}},"ao":0,"ip":0,"op":200,"st":-28,"bm":0},{"ddd":0,"ind":18,"ty":3,"nm":"Shape Layer 1: Path 1 [1.1.1]","cl":"1 1","sr":1,"ks":{"o":{"a":0,"k":0,"ix":11},"r":{"a":0,"k":-141,"ix":10},"p":{"a":1,"k":[{"i":{"x":0.667,"y":1},"o":{"x":0.333,"y":0},"t":73,"s":[901.25,1168.5,0],"to":[1.292,-3.375,0],"ti":[-1.292,3.375,0]},{"i":{"x":0.667,"y":0.667},"o":{"x":0.333,"y":0.333},"t":91,"s":[909,1148.25,0],"to":[0,0,0],"ti":[0,0,0]},{"i":{"x":0.667,"y":1},"o":{"x":0.333,"y":0},"t":146.223,"s":[909,1148.25,0],"to":[-1.292,3.375,0],"ti":[1.292,-3.375,0]},{"t":164,"s":[901.25,1168.5,0]}],"ix":2,"l":2},"a":{"a":0,"k":[0,0,0],"ix":1,"l":2},"s":{"a":0,"k":[4.75,4,100],"ix":6,"l":2}},"ao":0,"ip":0,"op":200,"st":-28,"bm":0},{"ddd":0,"ind":19,"ty":4,"nm":"aÃÂÃÂ±z","parent":20,"sr":1,"ks":{"o":{"a":0,"k":100,"ix":11},"r":{"a":1,"k":[{"i":{"x":[0.667],"y":[1]},"o":{"x":[0.333],"y":[0]},"t":73,"s":[-83]},{"i":{"x":[0.667],"y":[1]},"o":{"x":[0.167],"y":[0]},"t":91,"s":[1]},{"i":{"x":[0.833],"y":[1]},"o":{"x":[0.167],"y":[0]},"t":146,"s":[1]},{"t":164,"s":[-83]}],"ix":10},"p":{"a":0,"k":[870.875,1172.651,0],"ix":2,"l":2},"a":{"a":0,"k":[23.125,224.901,0],"ix":1,"l":2},"s":{"a":0,"k":[100,100,100],"ix":6,"l":2}},"ao":0,"ef":[{"ty":5,"nm":"Shape Layer 1: Path 1 [1.1.0]","np":3,"mn":"ADBE Layer Control","ix":1,"en":1,"ef":[{"ty":10,"nm":"Layer","mn":"ADBE Layer Control-0001","ix":1,"v":{"a":0,"k":17,"ix":1}}]},{"ty":5,"nm":"Shape Layer 1: Path 1 [1.1.1]","np":3,"mn":"ADBE Layer Control","ix":2,"en":1,"ef":[{"ty":10,"nm":"Layer","mn":"ADBE Layer Control-0001","ix":1,"v":{"a":0,"k":18,"ix":1}}]}],"shapes":[{"ty":"gr","it":[{"ind":0,"ty":"sh","ix":1,"ks":{"a":0,"k":{"i":[[0,0],[-16,-4]],"o":[[0,0],[16,4]],"v":[[-3.25,207],[34.25,200.25]],"c":false},"ix":2,"x":"var $bm_rt;\nvar nullLayerNames = [\n    'Shape Layer 1: Path 1 [1.1.0]',\n    'Shape Layer 1: Path 1 [1.1.1]'\n];\nvar origPath = thisProperty;\nvar origPoints = origPath.points();\nvar origInTang = origPath.inTangents();\nvar origOutTang = origPath.outTangents();\nvar getNullLayers = [];\nfor (var i = 0, il = nullLayerNames.length; i < il; i++) {\n    try {\n        getNullLayers.push(effect(nullLayerNames[i])('ADBE Layer Control-0001'));\n    } catch (err) {\n        getNullLayers.push(null);\n    }\n}\nfor (var i = 0, il = getNullLayers.length; i < il; i++) {\n    if (getNullLayers[i] != null && getNullLayers[i].index != thisLayer.index) {\n        origPoints[i] = fromCompToSurface(getNullLayers[i].toComp(getNullLayers[i].anchorPoint));\n    }\n}\n$bm_rt = createPath(origPoints, origInTang, origOutTang, origPath.isClosed());"},"nm":"Path 1","mn":"ADBE Vector Shape - Group","hd":false},{"ty":"st","c":{"a":0,"k":[0.556862745098,0.333333333333,0.309803921569,1],"ix":3},"o":{"a":0,"k":100,"ix":4},"w":{"a":0,"k":4,"ix":5},"lc":2,"lj":2,"bm":0,"nm":"Stroke 1","mn":"ADBE Vector Graphic - Stroke","hd":false},{"ty":"tr","p":{"a":0,"k":[0,0],"ix":2},"a":{"a":0,"k":[0,0],"ix":1},"s":{"a":0,"k":[100.498,100],"ix":3},"r":{"a":0,"k":0,"ix":6},"o":{"a":0,"k":100,"ix":7},"sk":{"a":0,"k":0,"ix":4},"sa":{"a":0,"k":0,"ix":5},"nm":"Transform"}],"nm":"Shape 1","np":3,"cix":2,"bm":0,"ix":1,"mn":"ADBE Vector Group","hd":false}],"ip":0,"op":200,"st":-28,"bm":0},{"ddd":0,"ind":20,"ty":4,"nm":"kafa","sr":1,"ks":{"o":{"a":0,"k":100,"ix":11},"r":{"a":0,"k":0,"ix":10},"p":{"a":0,"k":[868.475,1180.87,0],"ix":2,"l":2},"a":{"a":0,"k":[868.475,1180.87,0],"ix":1,"l":2},"s":{"a":0,"k":[100,100,100],"ix":6,"l":2}},"ao":0,"shapes":[{"ty":"gr","it":[{"ind":0,"ty":"sh","ix":1,"ks":{"a":0,"k":{"i":[[1.557,0],[20.661,12.494],[-0.625,1.034],[-1.037,-0.63],[-42.796,29.954],[-11.554,23.084],[-1.051,3.854],[-1.471,3.715],[0.263,9.488],[0,3.311],[0,0],[0.262,7.235],[-1.204,9.225],[-1.212,-0.161],[0.157,-1.199],[-0.295,-8.146],[0.673,-7.493],[-0.089,-3.178],[2.247,-10.108],[0,0],[1.06,-3.884],[1.505,-3.761],[0,0],[17.01,-13.084],[25.836,-0.917]],"o":[[-23.966,0],[-1.033,-0.625],[0.625,-1.033],[43.934,26.566],[16.377,-12.601],[1.395,-3.509],[1.075,-3.943],[2.088,-9.526],[-0.091,-3.242],[0,0],[0.659,-7.251],[-0.302,-8.325],[0.156,-1.196],[1.198,0.156],[-1.156,8.864],[0.255,7.022],[0.001,3.22],[0.273,9.812],[0,0],[-1.411,3.53],[-1.092,4.003],[0,0],[-11.866,23.729],[-21.768,15.241],[-1.56,0.054]],"v":[[-30.363,94.537],[-98.428,75.504],[-99.169,72.501],[-96.164,71.762],[44.445,66.265],[85.992,13.205],[89.525,1.859],[93.182,-9.875],[94.736,-38.7],[94.552,-48.605],[94.56,-48.803],[94.71,-70.123],[95.299,-96.282],[97.752,-98.167],[99.637,-95.715],[99.082,-70.282],[98.927,-48.507],[99.107,-38.823],[97.416,-8.758],[97.312,-8.42],[93.745,3.01],[90.021,14.912],[89.947,15.079],[47.034,69.789],[-25.688,94.454]],"c":true},"ix":2},"nm":"Path 1","mn":"ADBE Vector Shape - Group","hd":false},{"ty":"fl","c":{"a":0,"k":[0.149019607843,0.141176470588,0.141176470588,1],"ix":4},"o":{"a":0,"k":100,"ix":5},"r":1,"bm":0,"nm":"Fill 1","mn":"ADBE Vector Graphic - Fill","hd":false},{"ty":"tr","p":{"a":0,"k":[896.812,1133.864],"ix":2},"a":{"a":0,"k":[0,0],"ix":1},"s":{"a":0,"k":[100,100],"ix":3},"r":{"a":0,"k":0,"ix":6},"o":{"a":0,"k":100,"ix":7},"sk":{"a":0,"k":0,"ix":4},"sa":{"a":0,"k":0,"ix":5},"nm":"Transform"}],"nm":"Group 1","np":2,"cix":2,"bm":0,"ix":1,"mn":"ADBE Vector Group","hd":false},{"ty":"gr","it":[{"ind":0,"ty":"sh","ix":1,"ks":{"a":0,"k":{"i":[[0,0],[28.27,-42.46],[14.583,27.707]],"o":[[0,0],[0,0],[-14.583,-27.707]],"v":[[6.281,-47.394],[1.906,59.059],[-15.593,-31.353]],"c":true},"ix":2},"nm":"Path 1","mn":"ADBE Vector Shape - Group","hd":false},{"ty":"fl","c":{"a":0,"k":[0.149019607843,0.141176470588,0.141176470588,1],"ix":4},"o":{"a":0,"k":100,"ix":5},"r":1,"bm":0,"nm":"Fill 1","mn":"ADBE Vector Graphic - Fill","hd":false},{"ty":"tr","p":{"a":0,"k":[990.029,991.201],"ix":2},"a":{"a":0,"k":[0,0],"ix":1},"s":{"a":0,"k":[100,100],"ix":3},"r":{"a":0,"k":0,"ix":6},"o":{"a":0,"k":100,"ix":7},"sk":{"a":0,"k":0,"ix":4},"sa":{"a":0,"k":0,"ix":5},"nm":"Transform"}],"nm":"Group 2","np":2,"cix":2,"bm":0,"ix":2,"mn":"ADBE Vector Group","hd":false},{"ty":"gr","it":[{"ind":0,"ty":"sh","ix":1,"ks":{"a":0,"k":{"i":[[0,0],[-28.27,-42.46],[-14.583,27.707]],"o":[[0,0],[0,0],[14.583,-27.707]],"v":[[-6.281,-47.394],[-1.906,59.059],[15.593,-31.353]],"c":true},"ix":2},"nm":"Path 1","mn":"ADBE Vector Shape - Group","hd":false},{"ty":"fl","c":{"a":0,"k":[0.149019607843,0.141176470588,0.141176470588,1],"ix":4},"o":{"a":0,"k":100,"ix":5},"r":1,"bm":0,"nm":"Fill 1","mn":"ADBE Vector Graphic - Fill","hd":false},{"ty":"tr","p":{"a":0,"k":[743.178,986.826],"ix":2},"a":{"a":0,"k":[0,0],"ix":1},"s":{"a":0,"k":[100,100],"ix":3},"r":{"a":0,"k":0,"ix":6},"o":{"a":0,"k":100,"ix":7},"sk":{"a":0,"k":0,"ix":4},"sa":{"a":0,"k":0,"ix":5},"nm":"Transform"}],"nm":"Group 3","np":2,"cix":2,"bm":0,"ix":3,"mn":"ADBE Vector Group","hd":false},{"ty":"gr","it":[{"ind":0,"ty":"sh","ix":1,"ks":{"a":0,"k":{"i":[[0,0],[-196.664,-101.412],[2.021,-0.758],[0,0],[-0.753,-0.349],[0,0],[1.791,-0.62],[0,0],[-0.851,-0.622],[-13.559,-4.525],[1.343,-1.439],[93.026,1.668],[58.254,5.049],[8.076,-9.421],[0,0]],"o":[[0,0],[1.918,0.989],[0,0],[-0.777,0.291],[0,0],[1.719,0.798],[0,0],[-0.996,0.344],[5.486,4.009],[1.867,0.623],[-10.974,11.762],[-101.79,-6.477],[-12.363,-1.071],[0,0],[0,0]],"v":[[-142.717,44.618],[98.45,1.352],[98.195,5.89],[81.081,12.308],[81.016,14.032],[131.211,37.336],[131.013,41.24],[111.836,47.878],[111.489,50.167],[146.376,69.769],[147.476,74.169],[25.343,98.393],[-96.932,62.812],[-129.497,76.146],[-148.82,56.823]],"c":true},"ix":2},"nm":"Path 1","mn":"ADBE Vector Shape - Group","hd":false},{"ty":"fl","c":{"a":0,"k":[0.149019607843,0.141176470588,0.141176470588,1],"ix":4},"o":{"a":0,"k":100,"ix":5},"r":1,"bm":0,"nm":"Fill 1","mn":"ADBE Vector Graphic - Fill","hd":false},{"ty":"tr","p":{"a":0,"k":[885.406,882.964],"ix":2},"a":{"a":0,"k":[0,0],"ix":1},"s":{"a":0,"k":[100,100],"ix":3},"r":{"a":0,"k":0,"ix":6},"o":{"a":0,"k":100,"ix":7},"sk":{"a":0,"k":0,"ix":4},"sa":{"a":0,"k":0,"ix":5},"nm":"Transform"}],"nm":"Group 4","np":2,"cix":2,"bm":0,"ix":4,"mn":"ADBE Vector Group","hd":false},{"ty":"gr","it":[{"ind":0,"ty":"sh","ix":1,"ks":{"a":0,"k":{"i":[[0.416,0],[0.272,0.229],[14.763,-7.35],[0.359,0.722],[-0.722,0.359],[-0.125,-0.107],[0.518,-0.616]],"o":[[-0.329,0],[-0.459,-0.379],[-0.717,0.36],[-0.359,-0.721],[16.516,-8.227],[0.617,0.519],[-0.289,0.343]],"v":[[13.875,6.537],[12.94,6.198],[-13.195,4.302],[-15.151,3.646],[-14.495,1.689],[14.814,3.963],[14.992,6.018]],"c":true},"ix":2},"nm":"Path 1","mn":"ADBE Vector Shape - Group","hd":false},{"ty":"fl","c":{"a":0,"k":[0.556862745098,0.333333333333,0.309803921569,1],"ix":4},"o":{"a":0,"k":100,"ix":5},"r":1,"bm":0,"nm":"Fill 1","mn":"ADBE Vector Graphic - Fill","hd":false},{"ty":"tr","p":{"a":0,"k":[1016.218,1062.854],"ix":2},"a":{"a":0,"k":[0,0],"ix":1},"s":{"a":0,"k":[100,100],"ix":3},"r":{"a":0,"k":0,"ix":6},"o":{"a":0,"k":100,"ix":7},"sk":{"a":0,"k":0,"ix":4},"sa":{"a":0,"k":0,"ix":5},"nm":"Transform"}],"nm":"Group 5","np":2,"cix":2,"bm":0,"ix":5,"mn":"ADBE Vector Group","hd":false},{"ty":"gr","it":[{"ind":0,"ty":"sh","ix":1,"ks":{"a":0,"k":{"i":[[0.681,0],[0.097,0.02],[-0.158,0.791],[-6.176,3.456],[-0.525,-0.193],[0.277,-0.756],[0.757,0.282],[9.169,-5.145],[1.632,-8.159]],"o":[[-0.095,0],[-0.789,-0.158],[1.808,-9.04],[10.356,-5.793],[0.755,0.279],[-0.277,0.755],[-0.115,-0.041],[-5.388,3.023],[-0.138,0.693]],"v":[[-16.731,13.186],[-17.019,13.156],[-18.162,11.44],[-6.129,-7.392],[17.178,-8.523],[18.043,-6.652],[16.172,-5.786],[-4.722,-4.837],[-15.303,12.013]],"c":true},"ix":2},"nm":"Path 1","mn":"ADBE Vector Shape - Group","hd":false},{"ty":"fl","c":{"a":0,"k":[0.556862745098,0.333333333333,0.309803921569,1],"ix":4},"o":{"a":0,"k":100,"ix":5},"r":1,"bm":0,"nm":"Fill 1","mn":"ADBE Vector Graphic - Fill","hd":false},{"ty":"tr","p":{"a":0,"k":[1017.777,1059.111],"ix":2},"a":{"a":0,"k":[0,0],"ix":1},"s":{"a":0,"k":[100,100],"ix":3},"r":{"a":0,"k":0,"ix":6},"o":{"a":0,"k":100,"ix":7},"sk":{"a":0,"k":0,"ix":4},"sa":{"a":0,"k":0,"ix":5},"nm":"Transform"}],"nm":"Group 6","np":2,"cix":2,"bm":0,"ix":6,"mn":"ADBE Vector Group","hd":false},{"ty":"gr","it":[{"ind":0,"ty":"sh","ix":1,"ks":{"a":0,"k":{"i":[[0,-17.648],[-17.648,0],[0,17.648],[17.648,0]],"o":[[0,17.648],[17.648,0],[0,-17.648],[-17.648,0]],"v":[[-31.954,0],[0,31.954],[31.954,0],[0,-31.954]],"c":true},"ix":2},"nm":"Path 1","mn":"ADBE Vector Shape - Group","hd":false},{"ty":"fl","c":{"a":0,"k":[0.913725550034,0.505882352941,0.392156892664,1],"ix":4},"o":{"a":0,"k":100,"ix":5},"r":1,"bm":0,"nm":"Fill 1","mn":"ADBE Vector Graphic - Fill","hd":false},{"ty":"tr","p":{"a":0,"k":[1019.927,1063.576],"ix":2},"a":{"a":0,"k":[0,0],"ix":1},"s":{"a":0,"k":[100,100],"ix":3},"r":{"a":0,"k":0,"ix":6},"o":{"a":0,"k":100,"ix":7},"sk":{"a":0,"k":0,"ix":4},"sa":{"a":0,"k":0,"ix":5},"nm":"Transform"}],"nm":"Group 7","np":2,"cix":2,"bm":0,"ix":7,"mn":"ADBE Vector Group","hd":false},{"ty":"gr","it":[{"ind":0,"ty":"sh","ix":1,"ks":{"a":0,"k":{"i":[[0.33,0],[0.289,0.343],[-0.615,0.518],[-16.518,-8.223],[0.359,-0.721],[0.722,0.357],[0.456,-0.38]],"o":[[-0.417,0],[-0.516,-0.617],[0.127,-0.104],[0.721,0.359],[-0.359,0.719],[-14.764,-7.357],[-0.274,0.228]],"v":[[-13.874,6.535],[-14.993,6.014],[-14.814,3.962],[14.495,1.689],[15.15,3.643],[13.195,4.301],[-12.939,6.195]],"c":true},"ix":2},"nm":"Path 1","mn":"ADBE Vector Shape - Group","hd":false},{"ty":"fl","c":{"a":0,"k":[0.556862745098,0.333333333333,0.309803921569,1],"ix":4},"o":{"a":0,"k":100,"ix":5},"r":1,"bm":0,"nm":"Fill 1","mn":"ADBE Vector Graphic - Fill","hd":false},{"ty":"tr","p":{"a":0,"k":[721.52,1062.856],"ix":2},"a":{"a":0,"k":[0,0],"ix":1},"s":{"a":0,"k":[100,100],"ix":3},"r":{"a":0,"k":0,"ix":6},"o":{"a":0,"k":100,"ix":7},"sk":{"a":0,"k":0,"ix":4},"sa":{"a":0,"k":0,"ix":5},"nm":"Transform"}],"nm":"Group 8","np":2,"cix":2,"bm":0,"ix":8,"mn":"ADBE Vector Group","hd":false},{"ty":"gr","it":[{"ind":0,"ty":"sh","ix":1,"ks":{"a":0,"k":{"i":[[0.095,0],[0.139,0.693],[5.398,3.022],[0.116,-0.042],[0.279,0.756],[-0.756,0.279],[-10.349,-5.79],[-1.808,-9.04],[0.789,-0.158]],"o":[[-0.681,0],[-1.634,-8.167],[-9.194,-5.145],[-0.754,0.279],[-0.278,-0.756],[0.525,-0.193],[6.177,3.456],[0.158,0.791],[-0.097,0.02]],"v":[[16.732,13.184],[15.304,12.012],[4.706,-4.849],[-16.17,-5.788],[-18.043,-6.652],[-17.178,-8.525],[6.13,-7.394],[18.163,11.439],[17.02,13.155]],"c":true},"ix":2},"nm":"Path 1","mn":"ADBE Vector Shape - Group","hd":false},{"ty":"fl","c":{"a":0,"k":[0.556862745098,0.333333333333,0.309803921569,1],"ix":4},"o":{"a":0,"k":100,"ix":5},"r":1,"bm":0,"nm":"Fill 1","mn":"ADBE Vector Graphic - Fill","hd":false},{"ty":"tr","p":{"a":0,"k":[719.961,1059.113],"ix":2},"a":{"a":0,"k":[0,0],"ix":1},"s":{"a":0,"k":[100,100],"ix":3},"r":{"a":0,"k":0,"ix":6},"o":{"a":0,"k":100,"ix":7},"sk":{"a":0,"k":0,"ix":4},"sa":{"a":0,"k":0,"ix":5},"nm":"Transform"}],"nm":"Group 9","np":2,"cix":2,"bm":0,"ix":9,"mn":"ADBE Vector Group","hd":false},{"ty":"gr","it":[{"ind":0,"ty":"sh","ix":1,"ks":{"a":0,"k":{"i":[[0,-17.648],[17.647,0],[0,17.648],[-17.648,0]],"o":[[0,17.648],[-17.648,0],[0,-17.648],[17.647,0]],"v":[[31.955,0],[0,31.954],[-31.955,0],[0,-31.954]],"c":true},"ix":2},"nm":"Path 1","mn":"ADBE Vector Shape - Group","hd":false},{"ty":"fl","c":{"a":0,"k":[0.913725550034,0.505882352941,0.392156892664,1],"ix":4},"o":{"a":0,"k":100,"ix":5},"r":1,"bm":0,"nm":"Fill 1","mn":"ADBE Vector Graphic - Fill","hd":false},{"ty":"tr","p":{"a":0,"k":[717.812,1063.576],"ix":2},"a":{"a":0,"k":[0,0],"ix":1},"s":{"a":0,"k":[100,100],"ix":3},"r":{"a":0,"k":0,"ix":6},"o":{"a":0,"k":100,"ix":7},"sk":{"a":0,"k":0,"ix":4},"sa":{"a":0,"k":0,"ix":5},"nm":"Transform"}],"nm":"Group 10","np":2,"cix":2,"bm":0,"ix":10,"mn":"ADBE Vector Group","hd":false},{"ty":"gr","it":[{"ind":0,"ty":"sh","ix":1,"ks":{"a":0,"k":{"i":[[6.223,-0.001],[1.793,7.175],[-2.106,5.714],[-1.129,-0.417],[0.419,-1.134],[-2.249,-8.995],[-0.212,0.049],[-0.292,-1.172],[1.172,-0.293]],"o":[[-6.965,0],[-2.983,-11.931],[0.417,-1.135],[1.134,0.418],[-5.591,15.176],[2.309,9.239],[1.173,-0.292],[0.294,1.172],[-0.488,0.123]],"v":[[2.552,39.361],[-13.849,30.453],[3.65,-37.648],[6.458,-38.944],[7.754,-36.135],[-9.605,29.391],[13.888,33.611],[16.539,35.203],[14.947,37.854]],"c":true},"ix":2},"nm":"Path 1","mn":"ADBE Vector Shape - Group","hd":false},{"ty":"fl","c":{"a":0,"k":[0.556862745098,0.333333333333,0.309803921569,1],"ix":4},"o":{"a":0,"k":100,"ix":5},"r":1,"bm":0,"nm":"Fill 1","mn":"ADBE Vector Graphic - Fill","hd":false},{"ty":"tr","p":{"a":0,"k":[857.358,1085.943],"ix":2},"a":{"a":0,"k":[0,0],"ix":1},"s":{"a":0,"k":[100,100],"ix":3},"r":{"a":0,"k":0,"ix":6},"o":{"a":0,"k":100,"ix":7},"sk":{"a":0,"k":0,"ix":4},"sa":{"a":0,"k":0,"ix":5},"nm":"Transform"}],"nm":"Group 11","np":2,"cix":2,"bm":0,"ix":11,"mn":"ADBE Vector Group","hd":false},{"ty":"gr","it":[{"ind":0,"ty":"sh","ix":1,"ks":{"a":0,"k":{"i":[[63.88,0],[9.703,61.12],[0,6.885],[0,0],[-0.058,0.784],[-0.842,4.851],[-47.99,0],[0,0],[-5.026,-49.181],[-0.029,-0.436],[-0.029,-1.016],[0,-1.917],[0,0],[1.046,-6.594]],"o":[[-63.88,0],[-1.045,-6.594],[0,0],[0,-0.813],[0.087,-5.084],[8.163,-45.666],[0,0],[50.517,0],[0.029,0.436],[0.087,1.017],[0.116,1.889],[0,0],[0,6.885],[-9.732,61.12]],"v":[[-0.014,163.723],[-126.555,55.833],[-128.151,35.556],[-128.151,-66.146],[-128.094,-68.528],[-126.641,-83.401],[-30.575,-163.723],[30.546,-163.723],[127.659,-76.168],[127.775,-74.89],[127.977,-71.84],[128.151,-66.146],[128.151,35.556],[126.555,55.833]],"c":true},"ix":2},"nm":"Path 1","mn":"ADBE Vector Shape - Group","hd":false},{"ty":"fl","c":{"a":0,"k":[0.913725550034,0.505882352941,0.392156892664,1],"ix":4},"o":{"a":0,"k":100,"ix":5},"r":1,"bm":0,"nm":"Fill 1","mn":"ADBE Vector Graphic - Fill","hd":false},{"ty":"tr","p":{"a":0,"k":[867.402,1062.937],"ix":2},"a":{"a":0,"k":[0,0],"ix":1},"s":{"a":0,"k":[100,100],"ix":3},"r":{"a":0,"k":0,"ix":6},"o":{"a":0,"k":100,"ix":7},"sk":{"a":0,"k":0,"ix":4},"sa":{"a":0,"k":0,"ix":5},"nm":"Transform"}],"nm":"Group 12","np":2,"cix":2,"bm":0,"ix":12,"mn":"ADBE Vector Group","hd":false}],"ip":0,"op":200,"st":0,"bm":0},{"ddd":0,"ind":21,"ty":4,"nm":"Shape Layer 4","td":1,"sr":1,"ks":{"o":{"a":0,"k":100,"ix":11},"r":{"a":0,"k":0,"ix":10},"p":{"a":0,"k":[856.5,985,0],"ix":2,"l":2},"a":{"a":0,"k":[0,0,0],"ix":1,"l":2},"s":{"a":0,"k":[100,100,100],"ix":6,"l":2}},"ao":0,"shapes":[{"ty":"gr","it":[{"ind":0,"ty":"sh","ix":1,"ks":{"a":0,"k":{"i":[[166,-16],[0,0],[0,-8],[0,0],[0,0],[-440,12],[-24,86],[0,0],[0,0],[0,0],[0,0]],"o":[[-166,16],[0,0],[0,8],[0,0],[0,0],[353.919,-9.652],[24,-86],[0,0],[0,0],[0,0],[0,0]],"v":[[39.5,-975],[-558.5,-927],[-722.5,-569],[-502.5,647],[-310.5,713],[17.5,853],[387.5,713],[459.5,451],[781.5,-289],[647.5,-575],[529.5,-947]],"c":true},"ix":2},"nm":"Path 1","mn":"ADBE Vector Shape - Group","hd":false},{"ty":"st","c":{"a":0,"k":[1,1,1,1],"ix":3},"o":{"a":0,"k":100,"ix":4},"w":{"a":0,"k":7,"ix":5},"lc":1,"lj":1,"ml":4,"bm":0,"nm":"Stroke 1","mn":"ADBE Vector Graphic - Stroke","hd":false},{"ty":"fl","c":{"a":0,"k":[0.634868965897,0.186082009708,0.949020026712,1],"ix":4},"o":{"a":0,"k":100,"ix":5},"r":1,"bm":0,"nm":"Fill 1","mn":"ADBE Vector Graphic - Fill","hd":false},{"ty":"tr","p":{"a":0,"k":[0,0],"ix":2},"a":{"a":0,"k":[0,0],"ix":1},"s":{"a":0,"k":[100,100],"ix":3},"r":{"a":0,"k":0,"ix":6},"o":{"a":0,"k":100,"ix":7},"sk":{"a":0,"k":0,"ix":4},"sa":{"a":0,"k":0,"ix":5},"nm":"Transform"}],"nm":"Shape 1","np":3,"cix":2,"bm":0,"ix":1,"mn":"ADBE Vector Group","hd":false}],"ip":0,"op":200,"st":0,"bm":0},{"ddd":0,"ind":22,"ty":4,"nm":"body Outlines","tt":1,"sr":1,"ks":{"o":{"a":0,"k":100,"ix":11},"r":{"a":0,"k":0,"ix":10},"p":{"a":0,"k":[856.475,984.87,0],"ix":2,"l":2},"a":{"a":0,"k":[856.475,984.87,0],"ix":1,"l":2},"s":{"a":0,"k":[100,100,100],"ix":6,"l":2}},"ao":0,"shapes":[{"ty":"gr","it":[{"ind":0,"ty":"sh","ix":1,"ks":{"a":0,"k":{"i":[[0,0],[0,0],[0,0],[-42.989,-2.917]],"o":[[0,0],[0,0],[32.067,24.893],[0,0]],"v":[[57.222,-24.536],[-57.981,-24.536],[-57.981,-19.097],[57.98,24.536]],"c":true},"ix":2},"nm":"Path 1","mn":"ADBE Vector Shape - Group","hd":false},{"ty":"fl","c":{"a":0,"k":[0.149019607843,0.141176470588,0.141176470588,1],"ix":4},"o":{"a":0,"k":100,"ix":5},"r":1,"bm":0,"nm":"Fill 1","mn":"ADBE Vector Graphic - Fill","hd":false},{"ty":"tr","p":{"a":0,"k":[867.79,1230.83],"ix":2},"a":{"a":0,"k":[0,0],"ix":1},"s":{"a":0,"k":[100,100],"ix":3},"r":{"a":0,"k":0,"ix":6},"o":{"a":0,"k":100,"ix":7},"sk":{"a":0,"k":0,"ix":4},"sa":{"a":0,"k":0,"ix":5},"nm":"Transform"}],"nm":"Group 1","np":2,"cix":2,"bm":0,"ix":1,"mn":"ADBE Vector Group","hd":false},{"ty":"gr","it":[{"ind":0,"ty":"sh","ix":1,"ks":{"a":0,"k":{"i":[[0.369,0],[0.258,0.186],[0,0],[-0.474,0.651],[-0.651,-0.472],[0,0],[0,0],[-0.559,-0.576],[0.576,-0.562],[0,0]],"o":[[-0.3,0],[0,0],[-0.651,-0.474],[0.475,-0.651],[0,0],[0,0],[0.577,-0.56],[0.563,0.577],[0,0],[-0.282,0.274]],"v":[[1.901,7.369],[1.042,7.09],[-14.694,-4.368],[-15.014,-6.406],[-12.976,-6.727],[1.764,4.007],[12.862,-6.809],[14.924,-6.784],[14.899,-4.721],[2.919,6.955]],"c":true},"ix":2},"nm":"Path 1","mn":"ADBE Vector Shape - Group","hd":false},{"ty":"fl","c":{"a":0,"k":[0,0,0,1],"ix":4},"o":{"a":0,"k":100,"ix":5},"r":1,"bm":0,"nm":"Fill 1","mn":"ADBE Vector Graphic - Fill","hd":false},{"ty":"tr","p":{"a":0,"k":[866.968,1351.314],"ix":2},"a":{"a":0,"k":[0,0],"ix":1},"s":{"a":0,"k":[100,100],"ix":3},"r":{"a":0,"k":0,"ix":6},"o":{"a":0,"k":100,"ix":7},"sk":{"a":0,"k":0,"ix":4},"sa":{"a":0,"k":0,"ix":5},"nm":"Transform"}],"nm":"Group 2","np":2,"cix":2,"bm":0,"ix":2,"mn":"ADBE Vector Group","hd":false},{"ty":"gr","it":[{"ind":0,"ty":"sh","ix":1,"ks":{"a":0,"k":{"i":[[0,0],[0,0],[0,0],[0,0],[0,0]],"o":[[0,0],[0,0],[0,0],[0,0],[0,0]],"v":[[-9.331,-222.752],[-24.79,199.42],[0,222.752],[24.791,199.42],[10.413,-222.015]],"c":true},"ix":2},"nm":"Path 1","mn":"ADBE Vector Shape - Group","hd":false},{"ty":"fl","c":{"a":0,"k":[0.729411764706,0.129411764706,0.082352941176,1],"ix":4},"o":{"a":0,"k":100,"ix":5},"r":1,"bm":0,"nm":"Fill 1","mn":"ADBE Vector Graphic - Fill","hd":false},{"ty":"tr","p":{"a":0,"k":[866.682,1569.764],"ix":2},"a":{"a":0,"k":[0,0],"ix":1},"s":{"a":0,"k":[100,100],"ix":3},"r":{"a":0,"k":0,"ix":6},"o":{"a":0,"k":100,"ix":7},"sk":{"a":0,"k":0,"ix":4},"sa":{"a":0,"k":0,"ix":5},"nm":"Transform"}],"nm":"Group 3","np":2,"cix":2,"bm":0,"ix":3,"mn":"ADBE Vector Group","hd":false},{"ty":"gr","it":[{"ind":0,"ty":"sh","ix":1,"ks":{"a":0,"k":{"i":[[-3.022,0],[0,0],[-0.865,-2.696],[0,0],[1.784,-1.724],[0,0],[0,0],[-0.582,2.466],[0,0]],"o":[[0,0],[2.831,0],[0,0],[0.757,2.363],[0,0],[0,0],[-1.99,-1.568],[0,0],[0.694,-2.941]],"v":[[-6.651,-21.018],[5.43,-21.018],[11.633,-16.493],[17.045,0.377],[15.37,7.052],[0.922,21.017],[-14.911,8.542],[-17.221,1.929],[-12.992,-15.999]],"c":true},"ix":2},"nm":"Path 1","mn":"ADBE Vector Shape - Group","hd":false},{"ty":"fl","c":{"a":0,"k":[0.729411764706,0.129411764706,0.082352941176,1],"ix":4},"o":{"a":0,"k":100,"ix":5},"r":1,"bm":0,"nm":"Fill 1","mn":"ADBE Vector Graphic - Fill","hd":false},{"ty":"tr","p":{"a":0,"k":[867.357,1336.682],"ix":2},"a":{"a":0,"k":[0,0],"ix":1},"s":{"a":0,"k":[100,100],"ix":3},"r":{"a":0,"k":0,"ix":6},"o":{"a":0,"k":100,"ix":7},"sk":{"a":0,"k":0,"ix":4},"sa":{"a":0,"k":0,"ix":5},"nm":"Transform"}],"nm":"Group 4","np":2,"cix":2,"bm":0,"ix":4,"mn":"ADBE Vector Group","hd":false},{"ty":"gr","it":[{"ind":0,"ty":"sh","ix":1,"ks":{"a":0,"k":{"i":[[-1.116,-5.144],[-1.246,-0.715],[-1.374,0.45],[-12.244,5.843],[-11.955,7.85],[-0.006,0.401],[0.451,0.315],[6.453,3.049],[4.274,1.487],[0.978,-0.255],[0,0],[0.607,-1.508],[-0.835,-1.36],[-1.874,-4.596]],"o":[[0.305,1.404],[1.248,0.714],[12.877,-4.223],[12.908,-6.162],[0.339,-0.222],[0.003,-0.184],[-5.863,-4.094],[-4.08,-1.928],[-0.92,-0.319],[0,0],[-1.572,0.41],[-0.597,1.487],[2.6,4.225],[1.985,4.863]],"v":[[-34.945,23.445],[-32.54,26.73],[-28.416,27.145],[9.442,11.974],[46.913,-9.141],[47.454,-10.122],[46.963,-11.082],[28.404,-21.848],[15.815,-26.995],[12.917,-27.094],[-43.31,-12.426],[-46.738,-9.407],[-46.363,-4.928],[-39.619,8.364]],"c":true},"ix":2},"nm":"Path 1","mn":"ADBE Vector Shape - Group","hd":false},{"ind":1,"ty":"sh","ix":2,"ks":{"a":0,"k":{"i":[[0.843,0],[1.219,0.698],[0.476,2.19],[1.921,4.707],[2.517,4.09],[-0.945,2.354],[-2.477,0.647],[0,0],[-1.464,-0.51],[-4.174,-1.973],[-5.996,-4.187],[0.019,-1.353],[1.144,-0.75],[13.028,-6.218],[12.996,-4.262]],"o":[[-1.384,0],[-1.944,-1.114],[-1.079,-4.979],[-1.814,-4.449],[-1.326,-2.155],[0.955,-2.374],[0,0],[1.54,-0.399],[4.37,1.52],[6.601,3.12],[1.108,0.771],[-0.019,1.364],[-12.064,7.922],[-12.355,5.897],[-0.816,0.268]],"v":[[-30.012,30.316],[-33.989,29.261],[-37.796,24.063],[-42.319,9.466],[-48.847,-3.4],[-49.444,-10.495],[-44.046,-15.249],[12.182,-29.917],[16.774,-29.749],[29.65,-24.485],[48.632,-13.474],[50.37,-10.081],[48.513,-6.703],[10.698,14.606],[-27.507,29.916]],"c":true},"ix":2},"nm":"Path 2","mn":"ADBE Vector Shape - Group","hd":false},{"ty":"mm","mm":1,"nm":"Merge Paths 1","mn":"ADBE Vector Filter - Merge","hd":false},{"ty":"fl","c":{"a":0,"k":[0,0,0,1],"ix":4},"o":{"a":0,"k":100,"ix":5},"r":1,"bm":0,"nm":"Fill 1","mn":"ADBE Vector Graphic - Fill","hd":false},{"ty":"tr","p":{"a":0,"k":[916.076,1325.706],"ix":2},"a":{"a":0,"k":[0,0],"ix":1},"s":{"a":0,"k":[100,100],"ix":3},"r":{"a":0,"k":0,"ix":6},"o":{"a":0,"k":100,"ix":7},"sk":{"a":0,"k":0,"ix":4},"sa":{"a":0,"k":0,"ix":5},"nm":"Transform"}],"nm":"Group 5","np":4,"cix":2,"bm":0,"ix":5,"mn":"ADBE Vector Group","hd":false},{"ty":"gr","it":[{"ind":0,"ty":"sh","ix":1,"ks":{"a":0,"k":{"i":[[-0.964,-4.444],[-3.675,1.205],[-13.581,6.483],[-10.66,6.998],[1.527,1.066],[7.289,3.444],[3.997,1.39],[1.236,-0.322],[18.743,-4.889],[-2.283,-3.712],[-2.045,-5.012]],"o":[[0.82,3.779],[11.612,-3.808],[14.434,-6.89],[1.558,-1.022],[-5.233,-3.654],[-4.461,-2.109],[-1.206,-0.42],[-18.743,4.889],[-4.217,1.1],[2.281,3.708],[2.188,5.362]],"v":[[-36.089,23.3],[-27.68,28.076],[10.352,12.836],[47.994,-8.375],[48.079,-12.732],[29.309,-23.62],[16.575,-28.826],[12.832,-28.959],[-43.396,-14.291],[-47.323,-4.619],[-40.687,8.461]],"c":true},"ix":2},"nm":"Path 1","mn":"ADBE Vector Shape - Group","hd":false},{"ty":"fl","c":{"a":0,"k":[0.925490255917,0.788235353956,0.811764765721,1],"ix":4},"o":{"a":0,"k":100,"ix":5},"r":1,"bm":0,"nm":"Fill 1","mn":"ADBE Vector Graphic - Fill","hd":false},{"ty":"tr","p":{"a":0,"k":[915.794,1326.16],"ix":2},"a":{"a":0,"k":[0,0],"ix":1},"s":{"a":0,"k":[100,100],"ix":3},"r":{"a":0,"k":0,"ix":6},"o":{"a":0,"k":100,"ix":7},"sk":{"a":0,"k":0,"ix":4},"sa":{"a":0,"k":0,"ix":5},"nm":"Transform"}],"nm":"Group 6","np":2,"cix":2,"bm":0,"ix":6,"mn":"ADBE Vector Group","hd":false},{"ty":"gr","it":[{"ind":0,"ty":"sh","ix":1,"ks":{"a":0,"k":{"i":[[0.432,0],[0.513,-0.178],[4.083,-1.929],[5.959,-4.187],[-0.002,-0.146],[-0.363,-0.24],[-13.028,-6.219],[-12.881,-4.224],[-1.247,0.713],[-0.305,1.405],[-1.986,4.871],[-2.601,4.226],[0.597,1.487],[1.574,0.41],[0,0]],"o":[[-0.546,0],[-4.272,1.485],[-6.559,3.101],[-0.354,0.249],[0.002,0.145],[12.057,7.936],[12.241,5.843],[1.373,0.45],[1.247,-0.714],[1.115,-5.138],[1.874,-4.595],[0.834,-1.359],[-0.606,-1.508],[0,0],[-0.431,-0.112]],"v":[[-14.116,-27.263],[-15.713,-26.995],[-28.304,-21.849],[-47.17,-10.867],[-47.555,-10.108],[-47.145,-9.359],[-9.342,11.973],[28.517,27.144],[32.64,26.73],[35.046,23.444],[39.719,8.363],[46.464,-4.93],[46.838,-9.408],[43.409,-12.427],[-12.817,-27.095]],"c":true},"ix":2},"nm":"Path 1","mn":"ADBE Vector Shape - Group","hd":false},{"ind":1,"ty":"sh","ix":2,"ks":{"a":0,"k":{"i":[[1.383,0],[0.817,0.268],[12.353,5.896],[12.166,8.01],[0.019,1.269],[-1.037,0.727],[-6.71,3.171],[-4.369,1.519],[-1.536,-0.399],[0,0],[-0.954,-2.374],[1.326,-2.154],[1.815,-4.449],[1.078,-4.972],[1.944,-1.113]],"o":[[-0.843,0],[-12.999,-4.262],[-13.148,-6.276],[-1.06,-0.697],[-0.019,-1.269],[6.094,-4.282],[4.177,-1.974],[1.464,-0.51],[0,0],[2.478,0.646],[0.946,2.354],[-2.516,4.091],[-1.922,4.713],[-0.476,2.191],[-1.22,0.698]],"v":[[30.113,30.316],[27.608,29.915],[-10.598,14.605],[-48.748,-6.924],[-50.471,-10.064],[-48.846,-13.254],[-29.55,-24.486],[-16.672,-29.749],[-12.082,-29.917],[44.145,-15.249],[49.544,-10.496],[48.947,-3.402],[42.419,9.466],[37.897,24.062],[34.09,29.26]],"c":true},"ix":2},"nm":"Path 2","mn":"ADBE Vector Shape - Group","hd":false},{"ty":"mm","mm":1,"nm":"Merge Paths 1","mn":"ADBE Vector Filter - Merge","hd":false},{"ty":"fl","c":{"a":0,"k":[0,0,0,1],"ix":4},"o":{"a":0,"k":100,"ix":5},"r":1,"bm":0,"nm":"Fill 1","mn":"ADBE Vector Graphic - Fill","hd":false},{"ty":"tr","p":{"a":0,"k":[816.863,1325.707],"ix":2},"a":{"a":0,"k":[0,0],"ix":1},"s":{"a":0,"k":[100,100],"ix":3},"r":{"a":0,"k":0,"ix":6},"o":{"a":0,"k":100,"ix":7},"sk":{"a":0,"k":0,"ix":4},"sa":{"a":0,"k":0,"ix":5},"nm":"Transform"}],"nm":"Group 7","np":4,"cix":2,"bm":0,"ix":7,"mn":"ADBE Vector Group","hd":false},{"ty":"gr","it":[{"ind":0,"ty":"sh","ix":1,"ks":{"a":0,"k":{"i":[[0.964,-4.444],[3.675,1.205],[13.581,6.483],[10.732,7.065],[-1.367,0.961],[-7.434,3.513],[-3.997,1.39],[-1.236,-0.322],[-18.743,-4.889],[2.283,-3.712],[2.045,-5.012]],"o":[[-0.82,3.779],[-11.612,-3.808],[-14.585,-6.962],[-1.395,-0.918],[5.296,-3.72],[4.461,-2.109],[1.206,-0.42],[18.743,4.889],[4.217,1.1],[-2.281,3.708],[-2.188,5.362]],"v":[[36.164,23.3],[27.755,28.076],[-10.277,12.836],[-48.254,-8.595],[-48.315,-12.515],[-29.234,-23.62],[-16.5,-28.826],[-12.757,-28.959],[43.471,-14.291],[47.398,-4.619],[40.762,8.461]],"c":true},"ix":2},"nm":"Path 1","mn":"ADBE Vector Shape - Group","hd":false},{"ty":"fl","c":{"a":0,"k":[0.925490255917,0.788235353956,0.811764765721,1],"ix":4},"o":{"a":0,"k":100,"ix":5},"r":1,"bm":0,"nm":"Fill 1","mn":"ADBE Vector Graphic - Fill","hd":false},{"ty":"tr","p":{"a":0,"k":[817.17,1326.16],"ix":2},"a":{"a":0,"k":[0,0],"ix":1},"s":{"a":0,"k":[100,100],"ix":3},"r":{"a":0,"k":0,"ix":6},"o":{"a":0,"k":100,"ix":7},"sk":{"a":0,"k":0,"ix":4},"sa":{"a":0,"k":0,"ix":5},"nm":"Transform"}],"nm":"Group 8","np":2,"cix":2,"bm":0,"ix":8,"mn":"ADBE Vector Group","hd":false},{"ty":"gr","it":[{"ind":0,"ty":"sh","ix":1,"ks":{"a":0,"k":{"i":[[0,0],[0,0],[0,0],[0,0]],"o":[[0,0],[0,0],[0,0],[0,0]],"v":[[98.432,-191.762],[63.434,264.674],[-98.433,264.674],[-54.686,-264.674]],"c":true},"ix":2},"nm":"Path 1","mn":"ADBE Vector Shape - Group","hd":false},{"ty":"fl","c":{"a":0,"k":[0.050980395897,0.129411764706,0.258823529412,1],"ix":4},"o":{"a":0,"k":100,"ix":5},"r":1,"bm":0,"nm":"Fill 1","mn":"ADBE Vector Graphic - Fill","hd":false},{"ty":"tr","p":{"a":0,"k":[1023.445,1580.339],"ix":2},"a":{"a":0,"k":[0,0],"ix":1},"s":{"a":0,"k":[100,100],"ix":3},"r":{"a":0,"k":0,"ix":6},"o":{"a":0,"k":100,"ix":7},"sk":{"a":0,"k":0,"ix":4},"sa":{"a":0,"k":0,"ix":5},"nm":"Transform"}],"nm":"Group 9","np":2,"cix":2,"bm":0,"ix":9,"mn":"ADBE Vector Group","hd":false},{"ty":"gr","it":[{"ind":0,"ty":"sh","ix":1,"ks":{"a":0,"k":{"i":[[0,0],[0,0],[0,0],[0,0]],"o":[[0,0],[0,0],[0,0],[0,0]],"v":[[-96.974,-191.033],[61.977,-265.403],[96.974,265.403],[-50.31,265.403]],"c":true},"ix":2},"nm":"Path 1","mn":"ADBE Vector Shape - Group","hd":false},{"ty":"fl","c":{"a":0,"k":[0.050980395897,0.129411764706,0.258823529412,1],"ix":4},"o":{"a":0,"k":100,"ix":5},"r":1,"bm":0,"nm":"Fill 1","mn":"ADBE Vector Graphic - Fill","hd":false},{"ty":"tr","p":{"a":0,"k":[705.544,1579.61],"ix":2},"a":{"a":0,"k":[0,0],"ix":1},"s":{"a":0,"k":[100,100],"ix":3},"r":{"a":0,"k":0,"ix":6},"o":{"a":0,"k":100,"ix":7},"sk":{"a":0,"k":0,"ix":4},"sa":{"a":0,"k":0,"ix":5},"nm":"Transform"}],"nm":"Group 10","np":2,"cix":2,"bm":0,"ix":10,"mn":"ADBE Vector Group","hd":false},{"ty":"gr","it":[{"ind":0,"ty":"sh","ix":1,"ks":{"a":0,"k":{"i":[[0,0],[0,0],[-29.386,0.169],[-10,5.409],[0,0],[0,0],[0,0]],"o":[[0,0],[10.025,5.423],[28.56,-0.164],[0,0],[0,0],[0,0],[0,0]],"v":[[-256.654,-182.64],[-61.247,-273.797],[0,-254.094],[59.789,-273.797],[256.654,-182.64],[189.574,273.797],[-186.657,273.797]],"c":true},"ix":2},"nm":"Path 1","mn":"ADBE Vector Shape - Group","hd":false},{"ty":"fl","c":{"a":0,"k":[0.925490255917,0.788235353956,0.811764765721,1],"ix":4},"o":{"a":0,"k":100,"ix":5},"r":1,"bm":0,"nm":"Fill 1","mn":"ADBE Vector Graphic - Fill","hd":false},{"ty":"tr","p":{"a":0,"k":[868.14,1571.217],"ix":2},"a":{"a":0,"k":[0,0],"ix":1},"s":{"a":0,"k":[100,100],"ix":3},"r":{"a":0,"k":0,"ix":6},"o":{"a":0,"k":100,"ix":7},"sk":{"a":0,"k":0,"ix":4},"sa":{"a":0,"k":0,"ix":5},"nm":"Transform"}],"nm":"Group 11","np":2,"cix":2,"bm":0,"ix":11,"mn":"ADBE Vector Group","hd":false},{"ty":"gr","it":[{"ind":0,"ty":"sh","ix":1,"ks":{"a":0,"k":{"i":[[0,0],[0,0],[0,0],[0,0]],"o":[[0,0],[0,0],[0,0],[0,0]],"v":[[57.601,-94.058],[60.518,94.058],[-60.518,94.058],[-57.602,-94.058]],"c":true},"ix":2},"nm":"Path 1","mn":"ADBE Vector Shape - Group","hd":false},{"ty":"fl","c":{"a":0,"k":[0.913725550034,0.505882352941,0.392156892664,1],"ix":4},"o":{"a":0,"k":100,"ix":5},"r":1,"bm":0,"nm":"Fill 1","mn":"ADBE Vector Graphic - Fill","hd":false},{"ty":"tr","p":{"a":0,"k":[867.411,1300.352],"ix":2},"a":{"a":0,"k":[0,0],"ix":1},"s":{"a":0,"k":[100,100],"ix":3},"r":{"a":0,"k":0,"ix":6},"o":{"a":0,"k":100,"ix":7},"sk":{"a":0,"k":0,"ix":4},"sa":{"a":0,"k":0,"ix":5},"nm":"Transform"}],"nm":"Group 12","np":2,"cix":2,"bm":0,"ix":12,"mn":"ADBE Vector Group","hd":false}],"ip":0,"op":200,"st":0,"bm":0}],"markers":[]}